Collection,Ballot id,Contest,Selections
AllBallots,bid1,Aurora2K,1-Alice,2-Bob
AllBallots,bid2,Aurora2K,1-Alice,2-Bob
AllBallots,bid3,Aurora2K,1-Alice,2-Bob
AllBallots,bid4,Aurora2K,1-Alice,2-Bob
AllBallots,bid5,Aurora2K,1-Alice,2-Bob
AllBallots,bid6,Aurora2K,1-Alice,2-Bob
AllBallots,bid7,Aurora2K,1-Alice,2-Bob
AllBallots,bid8,Aurora2K,1-Alice,2-Bob
AllBallots,bid9,Aurora2K,1-Alice,2-Bob
AllBallots,bid10,Aurora2K,1-Alice,2-Bob
AllBallots,bid11,Aurora2K,1-Alice,2-Bob
AllBallots,bid12,Aurora2K,1-Alice,2-Bob
AllBallots,bid13,Aurora2K,1-Alice,2-Bob
AllBallots,bid14,Aurora2K,1-Alice,2-Bob
AllBallots,bid15,Aurora2K,1-Alice,2-Bob
AllBallots,bid16,Aurora2K,1-Alice,2-Bob
AllBallots,bid17,Aurora2K,1-Alice,2-Bob
AllBallots,bid18,Aurora2K,1-Alice,2-Bob
AllBallots,bid19,Aurora2K,1-Alice,2-Bob
AllBallots,bid20,Aurora2K,1-Alice,2-Bob
AllBallots,bid21,Aurora2K,1-Alice,2-Bob
AllBallots,bid22,Aurora2K,1-Alice,2-Bob
AllBallots,bid23,Aurora2K,1-Alice,2-Bob
AllBallots,bid24,Aurora2K,1-Alice,2-Bob
AllBallots,bid25,Aurora2K,1-Alice,2-Bob
AllBallots,bid26,Aurora2K,1-Alice,2-Bob
AllBallots,bid27,Aurora2K,1-Alice,2-Bob
AllBallots,bid28,Aurora2K,1-Alice,2-Bob
AllBallots,bid29,Aurora2K,1-Alice,2-Bob
AllBallots,bid30,Aurora2K,1-Alice,2-Bob
AllBallots,bid31,Aurora2K,1-Alice,2-Bob
AllBallots,bid32,Aurora2K,1-Alice,2-Bob
AllBallots,bid33,Aurora2K,1-Alice,2-Bob
AllBallots,bid34,Aurora2K,1-Alice,2-Bob
AllBallots,bid35,Aurora2K,1-Alice,2-Bob
AllBallots,bid36,Aurora2K,1-Alice,2-Bob
AllBallots,bid37,Aurora2K,1-Alice,2-Bob
AllBallots,bid38,Aurora2K,1-Alice,2-Bob
AllBallots,bid39,Aurora2K,1-Alice,2-Bob
AllBallots,bid40,Aurora2K,1-Alice,2-Bob
AllBallots,bid41,Aurora2K,1-Alice,2-Bob
AllBallots,bid42,Aurora2K,1-Alice,2-Bob
AllBallots,bid43,Aurora2K,1-Alice,2-Bob
AllBallots,bid44,Aurora2K,1-Alice,2-Bob
AllBallots,bid45,Aurora2K,1-Alice,2-Bob
AllBallots,bid46,Aurora2K,1-Alice,2-Bob
AllBallots,bid47,Aurora2K,1-Alice,2-Bob
AllBallots,bid48,Aurora2K,1-Alice,2-Bob
AllBallots,bid49,Aurora2K,1-Alice,2-Bob
AllBallots,bid50,Aurora2K,1-Alice,2-Bob
AllBallots,bid51,Aurora2K,1-Alice,2-Bob
AllBallots,bid52,Aurora2K,1-Alice,2-Bob
AllBallots,bid53,Aurora2K,1-Alice,2-Bob
AllBallots,bid54,Aurora2K,1-Alice,2-Bob
AllBallots,bid55,Aurora2K,1-Alice,2-Bob
AllBallots,bid56,Aurora2K,1-Alice,2-Bob
AllBallots,bid57,Aurora2K,1-Alice,2-Bob
AllBallots,bid58,Aurora2K,1-Alice,2-Bob
AllBallots,bid59,Aurora2K,1-Alice,2-Bob
AllBallots,bid60,Aurora2K,1-Alice,2-Bob
AllBallots,bid61,Aurora2K,1-Alice,2-Bob
AllBallots,bid62,Aurora2K,1-Alice,2-Bob
AllBallots,bid63,Aurora2K,1-Alice,2-Bob
AllBallots,bid64,Aurora2K,1-Alice,2-Bob
AllBallots,bid65,Aurora2K,1-Alice,2-Bob
AllBallots,bid66,Aurora2K,1-Alice,2-Bob
AllBallots,bid67,Aurora2K,1-Alice,2-Bob
AllBallots,bid68,Aurora2K,1-Alice,2-Bob
AllBallots,bid69,Aurora2K,1-Alice,2-Bob
AllBallots,bid70,Aurora2K,1-Alice,2-Bob
AllBallots,bid71,Aurora2K,1-Alice,2-Bob
AllBallots,bid72,Aurora2K,1-Alice,2-Bob
AllBallots,bid73,Aurora2K,1-Alice,2-Bob
AllBallots,bid74,Aurora2K,1-Alice,2-Bob
AllBallots,bid75,Aurora2K,1-Alice,2-Bob
AllBallots,bid76,Aurora2K,1-Alice,2-Bob
AllBallots,bid77,Aurora2K,1-Alice,2-Bob
AllBallots,bid78,Aurora2K,1-Alice,2-Bob
AllBallots,bid79,Aurora2K,1-Alice,2-Bob
AllBallots,bid80,Aurora2K,1-Alice,2-Bob
AllBallots,bid81,Aurora2K,1-Alice,2-Bob
AllBallots,bid82,Aurora2K,1-Alice,2-Bob
AllBallots,bid83,Aurora2K,1-Alice,2-Bob
AllBallots,bid84,Aurora2K,1-Alice,2-Bob
AllBallots,bid85,Aurora2K,1-Alice,2-Bob
AllBallots,bid86,Aurora2K,1-Alice,2-Bob
AllBallots,bid87,Aurora2K,1-Alice,2-Bob
AllBallots,bid88,Aurora2K,1-Alice,2-Bob
AllBallots,bid89,Aurora2K,1-Alice,2-Bob
AllBallots,bid90,Aurora2K,1-Alice,2-Bob
AllBallots,bid91,Aurora2K,1-Alice,2-Bob
AllBallots,bid92,Aurora2K,1-Alice,2-Bob
AllBallots,bid93,Aurora2K,1-Alice,2-Bob
AllBallots,bid94,Aurora2K,1-Alice,2-Bob
AllBallots,bid95,Aurora2K,1-Alice,2-Bob
AllBallots,bid96,Aurora2K,1-Alice,2-Bob
AllBallots,bid97,Aurora2K,1-Alice,2-Bob
AllBallots,bid98,Aurora2K,1-Alice,2-Bob
AllBallots,bid99,Aurora2K,1-Alice,2-Bob
AllBallots,bid100,Aurora2K,1-Alice,2-Bob
AllBallots,bid101,Aurora2K,1-Alice,2-Bob
AllBallots,bid102,Aurora2K,1-Alice,2-Bob
AllBallots,bid103,Aurora2K,1-Alice,2-Bob
AllBallots,bid104,Aurora2K,1-Alice,2-Bob
AllBallots,bid105,Aurora2K,1-Alice,2-Bob
AllBallots,bid106,Aurora2K,1-Alice,2-Bob
AllBallots,bid107,Aurora2K,1-Alice,2-Bob
AllBallots,bid108,Aurora2K,1-Alice,2-Bob
AllBallots,bid109,Aurora2K,1-Alice,2-Bob
AllBallots,bid110,Aurora2K,1-Alice,2-Bob
AllBallots,bid111,Aurora2K,1-Alice,2-Bob
AllBallots,bid112,Aurora2K,1-Alice,2-Bob
AllBallots,bid113,Aurora2K,1-Alice,2-Bob
AllBallots,bid114,Aurora2K,1-Alice,2-Bob
AllBallots,bid115,Aurora2K,1-Alice,2-Bob
AllBallots,bid116,Aurora2K,1-Alice,2-Bob
AllBallots,bid117,Aurora2K,1-Alice,2-Bob
AllBallots,bid118,Aurora2K,1-Alice,2-Bob
AllBallots,bid119,Aurora2K,1-Alice,2-Bob
AllBallots,bid120,Aurora2K,1-Alice,2-Bob
AllBallots,bid121,Aurora2K,1-Alice,2-Bob
AllBallots,bid122,Aurora2K,1-Alice,2-Bob
AllBallots,bid123,Aurora2K,1-Alice,2-Bob
AllBallots,bid124,Aurora2K,1-Alice,2-Bob
AllBallots,bid125,Aurora2K,1-Alice,2-Bob
AllBallots,bid126,Aurora2K,1-Alice,2-Bob
AllBallots,bid127,Aurora2K,1-Alice,2-Bob
AllBallots,bid128,Aurora2K,1-Alice,2-Bob
AllBallots,bid129,Aurora2K,1-Alice,2-Bob
AllBallots,bid130,Aurora2K,1-Alice,2-Bob
AllBallots,bid131,Aurora2K,1-Alice,2-Bob
AllBallots,bid132,Aurora2K,1-Alice,2-Bob
AllBallots,bid133,Aurora2K,1-Alice,2-Bob
AllBallots,bid134,Aurora2K,1-Alice,2-Bob
AllBallots,bid135,Aurora2K,1-Alice,2-Bob
AllBallots,bid136,Aurora2K,1-Alice,2-Bob
AllBallots,bid137,Aurora2K,1-Alice,2-Bob
AllBallots,bid138,Aurora2K,1-Alice,2-Bob
AllBallots,bid139,Aurora2K,1-Alice,2-Bob
AllBallots,bid140,Aurora2K,1-Alice,2-Bob
AllBallots,bid141,Aurora2K,1-Alice,2-Bob
AllBallots,bid142,Aurora2K,1-Alice,2-Bob
AllBallots,bid143,Aurora2K,1-Alice,2-Bob
AllBallots,bid144,Aurora2K,1-Alice,2-Bob
AllBallots,bid145,Aurora2K,1-Alice,2-Bob
AllBallots,bid146,Aurora2K,1-Alice,2-Bob
AllBallots,bid147,Aurora2K,1-Alice,2-Bob
AllBallots,bid148,Aurora2K,1-Alice,2-Bob
AllBallots,bid149,Aurora2K,1-Alice,2-Bob
AllBallots,bid150,Aurora2K,1-Alice,2-Bob
AllBallots,bid151,Aurora2K,1-Alice,2-Bob
AllBallots,bid152,Aurora2K,1-Alice,2-Bob
AllBallots,bid153,Aurora2K,1-Alice,2-Bob
AllBallots,bid154,Aurora2K,1-Alice,2-Bob
AllBallots,bid155,Aurora2K,1-Alice,2-Bob
AllBallots,bid156,Aurora2K,1-Alice,2-Bob
AllBallots,bid157,Aurora2K,1-Alice,2-Bob
AllBallots,bid158,Aurora2K,1-Alice,2-Bob
AllBallots,bid159,Aurora2K,1-Alice,2-Bob
AllBallots,bid160,Aurora2K,1-Alice,2-Bob
AllBallots,bid161,Aurora2K,1-Alice,2-Bob
AllBallots,bid162,Aurora2K,1-Alice,2-Bob
AllBallots,bid163,Aurora2K,1-Alice,2-Bob
AllBallots,bid164,Aurora2K,1-Alice,2-Bob
AllBallots,bid165,Aurora2K,1-Alice,2-Bob
AllBallots,bid166,Aurora2K,1-Alice,2-Bob
AllBallots,bid167,Aurora2K,1-Alice,2-Bob
AllBallots,bid168,Aurora2K,1-Alice,2-Bob
AllBallots,bid169,Aurora2K,1-Alice,2-Bob
AllBallots,bid170,Aurora2K,1-Alice,2-Bob
AllBallots,bid171,Aurora2K,1-Alice,2-Bob
AllBallots,bid172,Aurora2K,1-Alice,2-Bob
AllBallots,bid173,Aurora2K,1-Alice,2-Bob
AllBallots,bid174,Aurora2K,1-Alice,2-Bob
AllBallots,bid175,Aurora2K,1-Alice,2-Bob
AllBallots,bid176,Aurora2K,1-Alice,2-Bob
AllBallots,bid177,Aurora2K,1-Alice,2-Bob
AllBallots,bid178,Aurora2K,1-Alice,2-Bob
AllBallots,bid179,Aurora2K,1-Alice,2-Bob
AllBallots,bid180,Aurora2K,1-Alice,2-Bob
AllBallots,bid181,Aurora2K,1-Alice,2-Bob
AllBallots,bid182,Aurora2K,1-Alice,2-Bob
AllBallots,bid183,Aurora2K,1-Alice,2-Bob
AllBallots,bid184,Aurora2K,1-Alice,2-Bob
AllBallots,bid185,Aurora2K,1-Alice,2-Bob
AllBallots,bid186,Aurora2K,1-Alice,2-Bob
AllBallots,bid187,Aurora2K,1-Alice,2-Bob
AllBallots,bid188,Aurora2K,1-Alice,2-Bob
AllBallots,bid189,Aurora2K,1-Alice,2-Bob
AllBallots,bid190,Aurora2K,1-Alice,2-Bob
AllBallots,bid191,Aurora2K,1-Alice,2-Bob
AllBallots,bid192,Aurora2K,1-Alice,2-Bob
AllBallots,bid193,Aurora2K,1-Alice,2-Bob
AllBallots,bid194,Aurora2K,1-Alice,2-Bob
AllBallots,bid195,Aurora2K,1-Alice,2-Bob
AllBallots,bid196,Aurora2K,1-Alice,2-Bob
AllBallots,bid197,Aurora2K,1-Alice,2-Bob
AllBallots,bid198,Aurora2K,1-Alice,2-Bob
AllBallots,bid199,Aurora2K,1-Alice,2-Bob
AllBallots,bid200,Aurora2K,1-Alice,2-Bob
AllBallots,bid201,Aurora2K,1-Alice,2-Bob
AllBallots,bid202,Aurora2K,1-Alice,2-Bob
AllBallots,bid203,Aurora2K,1-Alice,2-Bob
AllBallots,bid204,Aurora2K,1-Alice,2-Bob
AllBallots,bid205,Aurora2K,1-Alice,2-Bob
AllBallots,bid206,Aurora2K,1-Alice,2-Bob
AllBallots,bid207,Aurora2K,1-Alice,2-Bob
AllBallots,bid208,Aurora2K,1-Alice,2-Bob
AllBallots,bid209,Aurora2K,1-Alice,2-Bob
AllBallots,bid210,Aurora2K,1-Alice,2-Bob
AllBallots,bid211,Aurora2K,1-Alice,2-Bob
AllBallots,bid212,Aurora2K,1-Alice,2-Bob
AllBallots,bid213,Aurora2K,1-Alice,2-Bob
AllBallots,bid214,Aurora2K,1-Alice,2-Bob
AllBallots,bid215,Aurora2K,1-Alice,2-Bob
AllBallots,bid216,Aurora2K,1-Alice,2-Bob
AllBallots,bid217,Aurora2K,1-Alice,2-Bob
AllBallots,bid218,Aurora2K,1-Alice,2-Bob
AllBallots,bid219,Aurora2K,1-Alice,2-Bob
AllBallots,bid220,Aurora2K,1-Alice,2-Bob
AllBallots,bid221,Aurora2K,1-Alice,2-Bob
AllBallots,bid222,Aurora2K,1-Alice,2-Bob
AllBallots,bid223,Aurora2K,1-Alice,2-Bob
AllBallots,bid224,Aurora2K,1-Alice,2-Bob
AllBallots,bid225,Aurora2K,1-Alice,2-Bob
AllBallots,bid226,Aurora2K,1-Alice,2-Bob
AllBallots,bid227,Aurora2K,1-Alice,2-Bob
AllBallots,bid228,Aurora2K,1-Alice,2-Bob
AllBallots,bid229,Aurora2K,1-Alice,2-Bob
AllBallots,bid230,Aurora2K,1-Alice,2-Bob
AllBallots,bid231,Aurora2K,1-Alice,2-Bob
AllBallots,bid232,Aurora2K,1-Alice,2-Bob
AllBallots,bid233,Aurora2K,1-Alice,2-Bob
AllBallots,bid234,Aurora2K,1-Alice,2-Bob
AllBallots,bid235,Aurora2K,1-Alice,2-Bob
AllBallots,bid236,Aurora2K,1-Alice,2-Bob
AllBallots,bid237,Aurora2K,1-Alice,2-Bob
AllBallots,bid238,Aurora2K,1-Alice,2-Bob
AllBallots,bid239,Aurora2K,1-Alice,2-Bob
AllBallots,bid240,Aurora2K,1-Alice,2-Bob
AllBallots,bid241,Aurora2K,1-Alice,2-Bob
AllBallots,bid242,Aurora2K,1-Alice,2-Bob
AllBallots,bid243,Aurora2K,1-Alice,2-Bob
AllBallots,bid244,Aurora2K,1-Alice,2-Bob
AllBallots,bid245,Aurora2K,1-Alice,2-Bob
AllBallots,bid246,Aurora2K,1-Alice,2-Bob
AllBallots,bid247,Aurora2K,1-Alice,2-Bob
AllBallots,bid248,Aurora2K,1-Alice,2-Bob
AllBallots,bid249,Aurora2K,1-Alice,2-Bob
AllBallots,bid250,Aurora2K,1-Alice,2-Bob
AllBallots,bid251,Aurora2K,1-Alice,2-Bob
AllBallots,bid252,Aurora2K,1-Alice,2-Bob
AllBallots,bid253,Aurora2K,1-Alice,2-Bob
AllBallots,bid254,Aurora2K,1-Alice,2-Bob
AllBallots,bid255,Aurora2K,1-Alice,2-Bob
AllBallots,bid256,Aurora2K,1-Alice,2-Bob
AllBallots,bid257,Aurora2K,1-Alice,2-Bob
AllBallots,bid258,Aurora2K,1-Alice,2-Bob
AllBallots,bid259,Aurora2K,1-Alice,2-Bob
AllBallots,bid260,Aurora2K,1-Alice,2-Bob
AllBallots,bid261,Aurora2K,1-Alice,2-Bob
AllBallots,bid262,Aurora2K,1-Alice,2-Bob
AllBallots,bid263,Aurora2K,1-Alice,2-Bob
AllBallots,bid264,Aurora2K,1-Alice,2-Bob
AllBallots,bid265,Aurora2K,1-Alice,2-Bob
AllBallots,bid266,Aurora2K,1-Alice,2-Bob
AllBallots,bid267,Aurora2K,1-Alice,2-Bob
AllBallots,bid268,Aurora2K,1-Alice,2-Bob
AllBallots,bid269,Aurora2K,1-Alice,2-Bob
AllBallots,bid270,Aurora2K,1-Alice,2-Bob
AllBallots,bid271,Aurora2K,1-Alice,2-Bob
AllBallots,bid272,Aurora2K,1-Alice,2-Bob
AllBallots,bid273,Aurora2K,1-Alice,2-Bob
AllBallots,bid274,Aurora2K,1-Alice,2-Bob
AllBallots,bid275,Aurora2K,1-Alice,2-Bob
AllBallots,bid276,Aurora2K,1-Alice,2-Bob
AllBallots,bid277,Aurora2K,1-Alice,2-Bob
AllBallots,bid278,Aurora2K,1-Alice,2-Bob
AllBallots,bid279,Aurora2K,1-Alice,2-Bob
AllBallots,bid280,Aurora2K,1-Alice,2-Bob
AllBallots,bid281,Aurora2K,1-Alice,2-Bob
AllBallots,bid282,Aurora2K,1-Alice,2-Bob
AllBallots,bid283,Aurora2K,1-Alice,2-Bob
AllBallots,bid284,Aurora2K,1-Alice,2-Bob
AllBallots,bid285,Aurora2K,1-Alice,2-Bob
AllBallots,bid286,Aurora2K,1-Alice,2-Bob
AllBallots,bid287,Aurora2K,1-Alice,2-Bob
AllBallots,bid288,Aurora2K,1-Alice,2-Bob
AllBallots,bid289,Aurora2K,1-Alice,2-Bob
AllBallots,bid290,Aurora2K,1-Alice,2-Bob
AllBallots,bid291,Aurora2K,1-Alice,2-Bob
AllBallots,bid292,Aurora2K,1-Alice,2-Bob
AllBallots,bid293,Aurora2K,1-Alice,2-Bob
AllBallots,bid294,Aurora2K,1-Alice,2-Bob
AllBallots,bid295,Aurora2K,1-Alice,2-Bob
AllBallots,bid296,Aurora2K,1-Alice,2-Bob
AllBallots,bid297,Aurora2K,1-Alice,2-Bob
AllBallots,bid298,Aurora2K,1-Alice,2-Bob
AllBallots,bid299,Aurora2K,1-Alice,2-Bob
AllBallots,bid300,Aurora2K,1-Alice,2-Bob
AllBallots,bid301,Aurora2K,1-Alice,2-Bob
AllBallots,bid302,Aurora2K,1-Alice,2-Bob
AllBallots,bid303,Aurora2K,1-Alice,2-Bob
AllBallots,bid304,Aurora2K,1-Alice,2-Bob
AllBallots,bid305,Aurora2K,1-Alice,2-Bob
AllBallots,bid306,Aurora2K,1-Alice,2-Bob
AllBallots,bid307,Aurora2K,1-Alice,2-Bob
AllBallots,bid308,Aurora2K,1-Alice,2-Bob
AllBallots,bid309,Aurora2K,1-Alice,2-Bob
AllBallots,bid310,Aurora2K,1-Alice,2-Bob
AllBallots,bid311,Aurora2K,1-Alice,2-Bob
AllBallots,bid312,Aurora2K,1-Alice,2-Bob
AllBallots,bid313,Aurora2K,1-Alice,2-Bob
AllBallots,bid314,Aurora2K,1-Alice,2-Bob
AllBallots,bid315,Aurora2K,1-Alice,2-Bob
AllBallots,bid316,Aurora2K,1-Alice,2-Bob
AllBallots,bid317,Aurora2K,1-Alice,2-Bob
AllBallots,bid318,Aurora2K,1-Alice,2-Bob
AllBallots,bid319,Aurora2K,1-Alice,2-Bob
AllBallots,bid320,Aurora2K,1-Alice,2-Bob
AllBallots,bid321,Aurora2K,1-Alice,2-Bob
AllBallots,bid322,Aurora2K,1-Alice,2-Bob
AllBallots,bid323,Aurora2K,1-Alice,2-Bob
AllBallots,bid324,Aurora2K,1-Alice,2-Bob
AllBallots,bid325,Aurora2K,1-Alice,2-Bob
AllBallots,bid326,Aurora2K,1-Alice,2-Bob
AllBallots,bid327,Aurora2K,1-Alice,2-Bob
AllBallots,bid328,Aurora2K,1-Alice,2-Bob
AllBallots,bid329,Aurora2K,1-Alice,2-Bob
AllBallots,bid330,Aurora2K,1-Alice,2-Bob
AllBallots,bid331,Aurora2K,1-Alice,2-Bob
AllBallots,bid332,Aurora2K,1-Alice,2-Bob
AllBallots,bid333,Aurora2K,1-Alice,2-Bob
AllBallots,bid334,Aurora2K,1-Alice,2-Bob
AllBallots,bid335,Aurora2K,1-Alice,2-Bob
AllBallots,bid336,Aurora2K,1-Alice,2-Bob
AllBallots,bid337,Aurora2K,1-Alice,2-Bob
AllBallots,bid338,Aurora2K,1-Alice,2-Bob
AllBallots,bid339,Aurora2K,1-Alice,2-Bob
AllBallots,bid340,Aurora2K,1-Alice,2-Bob
AllBallots,bid341,Aurora2K,1-Alice,2-Bob
AllBallots,bid342,Aurora2K,1-Alice,2-Bob
AllBallots,bid343,Aurora2K,1-Alice,2-Bob
AllBallots,bid344,Aurora2K,1-Alice,2-Bob
AllBallots,bid345,Aurora2K,1-Alice,2-Bob
AllBallots,bid346,Aurora2K,1-Alice,2-Bob
AllBallots,bid347,Aurora2K,1-Alice,2-Bob
AllBallots,bid348,Aurora2K,1-Alice,2-Bob
AllBallots,bid349,Aurora2K,1-Alice,2-Bob
AllBallots,bid350,Aurora2K,1-Alice,2-Bob
AllBallots,bid351,Aurora2K,1-Alice,2-Bob
AllBallots,bid352,Aurora2K,1-Alice,2-Bob
AllBallots,bid353,Aurora2K,1-Alice,2-Bob
AllBallots,bid354,Aurora2K,1-Alice,2-Bob
AllBallots,bid355,Aurora2K,1-Alice,2-Bob
AllBallots,bid356,Aurora2K,1-Alice,2-Bob
AllBallots,bid357,Aurora2K,1-Alice,2-Bob
AllBallots,bid358,Aurora2K,1-Alice,2-Bob
AllBallots,bid359,Aurora2K,1-Alice,2-Bob
AllBallots,bid360,Aurora2K,1-Alice,2-Bob
AllBallots,bid361,Aurora2K,1-Alice,2-Bob
AllBallots,bid362,Aurora2K,1-Alice,2-Bob
AllBallots,bid363,Aurora2K,1-Alice,2-Bob
AllBallots,bid364,Aurora2K,1-Alice,2-Bob
AllBallots,bid365,Aurora2K,1-Alice,2-Bob
AllBallots,bid366,Aurora2K,1-Alice,2-Bob
AllBallots,bid367,Aurora2K,1-Alice,2-Bob
AllBallots,bid368,Aurora2K,1-Alice,2-Bob
AllBallots,bid369,Aurora2K,1-Alice,2-Bob
AllBallots,bid370,Aurora2K,1-Alice,2-Bob
AllBallots,bid371,Aurora2K,1-Alice,2-Bob
AllBallots,bid372,Aurora2K,1-Alice,2-Bob
AllBallots,bid373,Aurora2K,1-Alice,2-Bob
AllBallots,bid374,Aurora2K,1-Alice,2-Bob
AllBallots,bid375,Aurora2K,1-Alice,2-Bob
AllBallots,bid376,Aurora2K,1-Alice,2-Bob
AllBallots,bid377,Aurora2K,1-Alice,2-Bob
AllBallots,bid378,Aurora2K,1-Alice,2-Bob
AllBallots,bid379,Aurora2K,1-Alice,2-Bob
AllBallots,bid380,Aurora2K,1-Alice,2-Bob
AllBallots,bid381,Aurora2K,1-Alice,2-Bob
AllBallots,bid382,Aurora2K,1-Alice,2-Bob
AllBallots,bid383,Aurora2K,1-Alice,2-Bob
AllBallots,bid384,Aurora2K,1-Alice,2-Bob
AllBallots,bid385,Aurora2K,1-Alice,2-Bob
AllBallots,bid386,Aurora2K,1-Alice,2-Bob
AllBallots,bid387,Aurora2K,1-Alice,2-Bob
AllBallots,bid388,Aurora2K,1-Alice,2-Bob
AllBallots,bid389,Aurora2K,1-Alice,2-Bob
AllBallots,bid390,Aurora2K,1-Alice,2-Bob
AllBallots,bid391,Aurora2K,1-Alice,2-Bob
AllBallots,bid392,Aurora2K,1-Alice,2-Bob
AllBallots,bid393,Aurora2K,1-Alice,2-Bob
AllBallots,bid394,Aurora2K,1-Alice,2-Bob
AllBallots,bid395,Aurora2K,1-Alice,2-Bob
AllBallots,bid396,Aurora2K,1-Alice,2-Bob
AllBallots,bid397,Aurora2K,1-Alice,2-Bob
AllBallots,bid398,Aurora2K,1-Alice,2-Bob
AllBallots,bid399,Aurora2K,1-Alice,2-Bob
AllBallots,bid400,Aurora2K,1-Alice,2-Bob
AllBallots,bid401,Aurora2K,1-Alice,2-Bob
AllBallots,bid402,Aurora2K,1-Alice,2-Bob
AllBallots,bid403,Aurora2K,1-Alice,2-Bob
AllBallots,bid404,Aurora2K,1-Alice,2-Bob
AllBallots,bid405,Aurora2K,1-Alice,2-Bob
AllBallots,bid406,Aurora2K,1-Alice,2-Bob
AllBallots,bid407,Aurora2K,1-Alice,2-Bob
AllBallots,bid408,Aurora2K,1-Alice,2-Bob
AllBallots,bid409,Aurora2K,1-Alice,2-Bob
AllBallots,bid410,Aurora2K,1-Alice,2-Bob
AllBallots,bid411,Aurora2K,1-Alice,2-Bob
AllBallots,bid412,Aurora2K,1-Alice,2-Bob
AllBallots,bid413,Aurora2K,1-Alice,2-Bob
AllBallots,bid414,Aurora2K,1-Alice,2-Bob
AllBallots,bid415,Aurora2K,1-Alice,2-Bob
AllBallots,bid416,Aurora2K,1-Alice,2-Bob
AllBallots,bid417,Aurora2K,1-Alice,2-Bob
AllBallots,bid418,Aurora2K,1-Alice,2-Bob
AllBallots,bid419,Aurora2K,1-Alice,2-Bob
AllBallots,bid420,Aurora2K,1-Alice,2-Bob
AllBallots,bid421,Aurora2K,1-Alice,2-Bob
AllBallots,bid422,Aurora2K,1-Alice,2-Bob
AllBallots,bid423,Aurora2K,1-Alice,2-Bob
AllBallots,bid424,Aurora2K,1-Alice,2-Bob
AllBallots,bid425,Aurora2K,1-Alice,2-Bob
AllBallots,bid426,Aurora2K,1-Alice,2-Bob
AllBallots,bid427,Aurora2K,1-Alice,2-Bob
AllBallots,bid428,Aurora2K,1-Alice,2-Bob
AllBallots,bid429,Aurora2K,1-Alice,2-Bob
AllBallots,bid430,Aurora2K,1-Alice,2-Bob
AllBallots,bid431,Aurora2K,1-Alice,2-Bob
AllBallots,bid432,Aurora2K,1-Alice,2-Bob
AllBallots,bid433,Aurora2K,1-Alice,2-Bob
AllBallots,bid434,Aurora2K,1-Alice,2-Bob
AllBallots,bid435,Aurora2K,1-Alice,2-Bob
AllBallots,bid436,Aurora2K,1-Alice,2-Bob
AllBallots,bid437,Aurora2K,1-Alice,2-Bob
AllBallots,bid438,Aurora2K,1-Alice,2-Bob
AllBallots,bid439,Aurora2K,1-Alice,2-Bob
AllBallots,bid440,Aurora2K,1-Alice,2-Bob
AllBallots,bid441,Aurora2K,1-Alice,2-Bob
AllBallots,bid442,Aurora2K,1-Alice,2-Bob
AllBallots,bid443,Aurora2K,1-Alice,2-Bob
AllBallots,bid444,Aurora2K,1-Alice,2-Bob
AllBallots,bid445,Aurora2K,1-Alice,2-Bob
AllBallots,bid446,Aurora2K,1-Alice,2-Bob
AllBallots,bid447,Aurora2K,1-Alice,2-Bob
AllBallots,bid448,Aurora2K,1-Alice,2-Bob
AllBallots,bid449,Aurora2K,1-Alice,2-Bob
AllBallots,bid450,Aurora2K,1-Alice,2-Bob
AllBallots,bid451,Aurora2K,1-Alice,2-Bob
AllBallots,bid452,Aurora2K,1-Alice,2-Bob
AllBallots,bid453,Aurora2K,1-Alice,2-Bob
AllBallots,bid454,Aurora2K,1-Alice,2-Bob
AllBallots,bid455,Aurora2K,1-Alice,2-Bob
AllBallots,bid456,Aurora2K,1-Alice,2-Bob
AllBallots,bid457,Aurora2K,1-Alice,2-Bob
AllBallots,bid458,Aurora2K,1-Alice,2-Bob
AllBallots,bid459,Aurora2K,1-Alice,2-Bob
AllBallots,bid460,Aurora2K,1-Alice,2-Bob
AllBallots,bid461,Aurora2K,1-Alice,2-Bob
AllBallots,bid462,Aurora2K,1-Alice,2-Bob
AllBallots,bid463,Aurora2K,1-Alice,2-Bob
AllBallots,bid464,Aurora2K,1-Alice,2-Bob
AllBallots,bid465,Aurora2K,1-Alice,2-Bob
AllBallots,bid466,Aurora2K,1-Alice,2-Bob
AllBallots,bid467,Aurora2K,1-Alice,2-Bob
AllBallots,bid468,Aurora2K,1-Alice,2-Bob
AllBallots,bid469,Aurora2K,1-Alice,2-Bob
AllBallots,bid470,Aurora2K,1-Alice,2-Bob
AllBallots,bid471,Aurora2K,1-Alice,2-Bob
AllBallots,bid472,Aurora2K,1-Alice,2-Bob
AllBallots,bid473,Aurora2K,1-Alice,2-Bob
AllBallots,bid474,Aurora2K,1-Alice,2-Bob
AllBallots,bid475,Aurora2K,1-Alice,2-Bob
AllBallots,bid476,Aurora2K,1-Alice,2-Bob
AllBallots,bid477,Aurora2K,1-Alice,2-Bob
AllBallots,bid478,Aurora2K,1-Alice,2-Bob
AllBallots,bid479,Aurora2K,1-Alice,2-Bob
AllBallots,bid480,Aurora2K,1-Alice,2-Bob
AllBallots,bid481,Aurora2K,1-Alice,2-Bob
AllBallots,bid482,Aurora2K,1-Alice,2-Bob
AllBallots,bid483,Aurora2K,1-Alice,2-Bob
AllBallots,bid484,Aurora2K,1-Alice,2-Bob
AllBallots,bid485,Aurora2K,1-Alice,2-Bob
AllBallots,bid486,Aurora2K,1-Alice,2-Bob
AllBallots,bid487,Aurora2K,1-Alice,2-Bob
AllBallots,bid488,Aurora2K,1-Alice,2-Bob
AllBallots,bid489,Aurora2K,1-Alice,2-Bob
AllBallots,bid490,Aurora2K,1-Alice,2-Bob
AllBallots,bid491,Aurora2K,1-Alice,2-Bob
AllBallots,bid492,Aurora2K,1-Alice,2-Bob
AllBallots,bid493,Aurora2K,1-Alice,2-Bob
AllBallots,bid494,Aurora2K,1-Alice,2-Bob
AllBallots,bid495,Aurora2K,1-Alice,2-Bob
AllBallots,bid496,Aurora2K,1-Alice,2-Bob
AllBallots,bid497,Aurora2K,1-Alice,2-Bob
AllBallots,bid498,Aurora2K,1-Alice,2-Bob
AllBallots,bid499,Aurora2K,1-Alice,2-Bob
AllBallots,bid500,Aurora2K,1-Alice,2-Bob
AllBallots,bid501,Aurora2K,1-Alice,2-Bob
AllBallots,bid502,Aurora2K,1-Alice,2-Bob
AllBallots,bid503,Aurora2K,1-Alice,2-Bob
AllBallots,bid504,Aurora2K,1-Alice,2-Bob
AllBallots,bid505,Aurora2K,1-Alice,2-Bob
AllBallots,bid506,Aurora2K,1-Alice,2-Bob
AllBallots,bid507,Aurora2K,1-Alice,2-Bob
AllBallots,bid508,Aurora2K,1-Alice,2-Bob
AllBallots,bid509,Aurora2K,1-Alice,2-Bob
AllBallots,bid510,Aurora2K,1-Alice,2-Bob
AllBallots,bid511,Aurora2K,1-Alice,2-Bob
AllBallots,bid512,Aurora2K,1-Alice,2-Bob
AllBallots,bid513,Aurora2K,1-Alice,2-Bob
AllBallots,bid514,Aurora2K,1-Alice,2-Bob
AllBallots,bid515,Aurora2K,1-Alice,2-Bob
AllBallots,bid516,Aurora2K,1-Alice,2-Bob
AllBallots,bid517,Aurora2K,1-Alice,2-Bob
AllBallots,bid518,Aurora2K,1-Alice,2-Bob
AllBallots,bid519,Aurora2K,1-Alice,2-Bob
AllBallots,bid520,Aurora2K,1-Alice,2-Bob
AllBallots,bid521,Aurora2K,1-Alice,2-Bob
AllBallots,bid522,Aurora2K,1-Alice,2-Bob
AllBallots,bid523,Aurora2K,1-Alice,2-Bob
AllBallots,bid524,Aurora2K,1-Alice,2-Bob
AllBallots,bid525,Aurora2K,1-Alice,2-Bob
AllBallots,bid526,Aurora2K,1-Alice,2-Bob
AllBallots,bid527,Aurora2K,1-Alice,2-Bob
AllBallots,bid528,Aurora2K,1-Alice,2-Bob
AllBallots,bid529,Aurora2K,1-Alice,2-Bob
AllBallots,bid530,Aurora2K,1-Alice,2-Bob
AllBallots,bid531,Aurora2K,1-Alice,2-Bob
AllBallots,bid532,Aurora2K,1-Alice,2-Bob
AllBallots,bid533,Aurora2K,1-Alice,2-Bob
AllBallots,bid534,Aurora2K,1-Alice,2-Bob
AllBallots,bid535,Aurora2K,1-Alice,2-Bob
AllBallots,bid536,Aurora2K,1-Alice,2-Bob
AllBallots,bid537,Aurora2K,1-Alice,2-Bob
AllBallots,bid538,Aurora2K,1-Alice,2-Bob
AllBallots,bid539,Aurora2K,1-Alice,2-Bob
AllBallots,bid540,Aurora2K,1-Alice,2-Bob
AllBallots,bid541,Aurora2K,1-Alice,2-Bob
AllBallots,bid542,Aurora2K,1-Alice,2-Bob
AllBallots,bid543,Aurora2K,1-Alice,2-Bob
AllBallots,bid544,Aurora2K,1-Alice,2-Bob
AllBallots,bid545,Aurora2K,1-Alice,2-Bob
AllBallots,bid546,Aurora2K,1-Alice,2-Bob
AllBallots,bid547,Aurora2K,1-Alice,2-Bob
AllBallots,bid548,Aurora2K,1-Alice,2-Bob
AllBallots,bid549,Aurora2K,1-Alice,2-Bob
AllBallots,bid550,Aurora2K,1-Alice,2-Bob
AllBallots,bid551,Aurora2K,1-Alice,2-Bob
AllBallots,bid552,Aurora2K,1-Alice,2-Bob
AllBallots,bid553,Aurora2K,1-Alice,2-Bob
AllBallots,bid554,Aurora2K,1-Alice,2-Bob
AllBallots,bid555,Aurora2K,1-Alice,2-Bob
AllBallots,bid556,Aurora2K,1-Alice,2-Bob
AllBallots,bid557,Aurora2K,1-Alice,2-Bob
AllBallots,bid558,Aurora2K,1-Alice,2-Bob
AllBallots,bid559,Aurora2K,1-Alice,2-Bob
AllBallots,bid560,Aurora2K,1-Alice,2-Bob
AllBallots,bid561,Aurora2K,1-Alice,2-Bob
AllBallots,bid562,Aurora2K,1-Alice,2-Bob
AllBallots,bid563,Aurora2K,1-Alice,2-Bob
AllBallots,bid564,Aurora2K,1-Alice,2-Bob
AllBallots,bid565,Aurora2K,1-Alice,2-Bob
AllBallots,bid566,Aurora2K,1-Alice,2-Bob
AllBallots,bid567,Aurora2K,1-Alice,2-Bob
AllBallots,bid568,Aurora2K,1-Alice,2-Bob
AllBallots,bid569,Aurora2K,1-Alice,2-Bob
AllBallots,bid570,Aurora2K,1-Alice,2-Bob
AllBallots,bid571,Aurora2K,1-Alice,2-Bob
AllBallots,bid572,Aurora2K,1-Alice,2-Bob
AllBallots,bid573,Aurora2K,1-Alice,2-Bob
AllBallots,bid574,Aurora2K,1-Alice,2-Bob
AllBallots,bid575,Aurora2K,1-Alice,2-Bob
AllBallots,bid576,Aurora2K,1-Alice,2-Bob
AllBallots,bid577,Aurora2K,1-Alice,2-Bob
AllBallots,bid578,Aurora2K,1-Alice,2-Bob
AllBallots,bid579,Aurora2K,1-Alice,2-Bob
AllBallots,bid580,Aurora2K,1-Alice,2-Bob
AllBallots,bid581,Aurora2K,1-Alice,2-Bob
AllBallots,bid582,Aurora2K,1-Alice,2-Bob
AllBallots,bid583,Aurora2K,1-Alice,2-Bob
AllBallots,bid584,Aurora2K,1-Alice,2-Bob
AllBallots,bid585,Aurora2K,1-Alice,2-Bob
AllBallots,bid586,Aurora2K,1-Alice,2-Bob
AllBallots,bid587,Aurora2K,1-Alice,2-Bob
AllBallots,bid588,Aurora2K,1-Alice,2-Bob
AllBallots,bid589,Aurora2K,1-Alice,2-Bob
AllBallots,bid590,Aurora2K,1-Alice,2-Bob
AllBallots,bid591,Aurora2K,1-Alice,2-Bob
AllBallots,bid592,Aurora2K,1-Alice,2-Bob
AllBallots,bid593,Aurora2K,1-Alice,2-Bob
AllBallots,bid594,Aurora2K,1-Alice,2-Bob
AllBallots,bid595,Aurora2K,1-Alice,2-Bob
AllBallots,bid596,Aurora2K,1-Alice,2-Bob
AllBallots,bid597,Aurora2K,1-Alice,2-Bob
AllBallots,bid598,Aurora2K,1-Alice,2-Bob
AllBallots,bid599,Aurora2K,1-Alice,2-Bob
AllBallots,bid600,Aurora2K,1-Alice,2-Bob
AllBallots,bid601,Aurora2K,1-Alice,2-Bob
AllBallots,bid602,Aurora2K,1-Alice,2-Bob
AllBallots,bid603,Aurora2K,1-Alice,2-Bob
AllBallots,bid604,Aurora2K,1-Alice,2-Bob
AllBallots,bid605,Aurora2K,1-Alice,2-Bob
AllBallots,bid606,Aurora2K,1-Alice,2-Bob
AllBallots,bid607,Aurora2K,1-Alice,2-Bob
AllBallots,bid608,Aurora2K,1-Alice,2-Bob
AllBallots,bid609,Aurora2K,1-Alice,2-Bob
AllBallots,bid610,Aurora2K,1-Alice,2-Bob
AllBallots,bid611,Aurora2K,1-Alice,2-Bob
AllBallots,bid612,Aurora2K,1-Alice,2-Bob
AllBallots,bid613,Aurora2K,1-Alice,2-Bob
AllBallots,bid614,Aurora2K,1-Alice,2-Bob
AllBallots,bid615,Aurora2K,1-Alice,2-Bob
AllBallots,bid616,Aurora2K,1-Alice,2-Bob
AllBallots,bid617,Aurora2K,1-Alice,2-Bob
AllBallots,bid618,Aurora2K,1-Alice,2-Bob
AllBallots,bid619,Aurora2K,1-Alice,2-Bob
AllBallots,bid620,Aurora2K,1-Alice,2-Bob
AllBallots,bid621,Aurora2K,1-Alice,2-Bob
AllBallots,bid622,Aurora2K,1-Alice,2-Bob
AllBallots,bid623,Aurora2K,1-Alice,2-Bob
AllBallots,bid624,Aurora2K,1-Alice,2-Bob
AllBallots,bid625,Aurora2K,1-Alice,2-Bob
AllBallots,bid626,Aurora2K,1-Alice,2-Bob
AllBallots,bid627,Aurora2K,1-Alice,2-Bob
AllBallots,bid628,Aurora2K,1-Alice,2-Bob
AllBallots,bid629,Aurora2K,1-Alice,2-Bob
AllBallots,bid630,Aurora2K,1-Alice,2-Bob
AllBallots,bid631,Aurora2K,1-Alice,2-Bob
AllBallots,bid632,Aurora2K,1-Alice,2-Bob
AllBallots,bid633,Aurora2K,1-Alice,2-Bob
AllBallots,bid634,Aurora2K,1-Alice,2-Bob
AllBallots,bid635,Aurora2K,1-Alice,2-Bob
AllBallots,bid636,Aurora2K,1-Alice,2-Bob
AllBallots,bid637,Aurora2K,1-Alice,2-Bob
AllBallots,bid638,Aurora2K,1-Alice,2-Bob
AllBallots,bid639,Aurora2K,1-Alice,2-Bob
AllBallots,bid640,Aurora2K,1-Alice,2-Bob
AllBallots,bid641,Aurora2K,1-Alice,2-Bob
AllBallots,bid642,Aurora2K,1-Alice,2-Bob
AllBallots,bid643,Aurora2K,1-Alice,2-Bob
AllBallots,bid644,Aurora2K,1-Alice,2-Bob
AllBallots,bid645,Aurora2K,1-Alice,2-Bob
AllBallots,bid646,Aurora2K,1-Alice,2-Bob
AllBallots,bid647,Aurora2K,1-Alice,2-Bob
AllBallots,bid648,Aurora2K,1-Alice,2-Bob
AllBallots,bid649,Aurora2K,1-Alice,2-Bob
AllBallots,bid650,Aurora2K,1-Alice,2-Bob
AllBallots,bid651,Aurora2K,1-Alice,2-Bob
AllBallots,bid652,Aurora2K,1-Alice,2-Bob
AllBallots,bid653,Aurora2K,1-Alice,2-Bob
AllBallots,bid654,Aurora2K,1-Alice,2-Bob
AllBallots,bid655,Aurora2K,1-Alice,2-Bob
AllBallots,bid656,Aurora2K,1-Alice,2-Bob
AllBallots,bid657,Aurora2K,1-Alice,2-Bob
AllBallots,bid658,Aurora2K,1-Alice,2-Bob
AllBallots,bid659,Aurora2K,1-Alice,2-Bob
AllBallots,bid660,Aurora2K,1-Alice,2-Bob
AllBallots,bid661,Aurora2K,1-Alice,2-Bob
AllBallots,bid662,Aurora2K,1-Alice,2-Bob
AllBallots,bid663,Aurora2K,1-Alice,2-Bob
AllBallots,bid664,Aurora2K,1-Alice,2-Bob
AllBallots,bid665,Aurora2K,1-Alice,2-Bob
AllBallots,bid666,Aurora2K,1-Alice,2-Bob
AllBallots,bid667,Aurora2K,1-Alice,2-Bob
AllBallots,bid668,Aurora2K,1-Alice,2-Bob
AllBallots,bid669,Aurora2K,1-Alice,2-Bob
AllBallots,bid670,Aurora2K,1-Alice,2-Bob
AllBallots,bid671,Aurora2K,1-Alice,2-Bob
AllBallots,bid672,Aurora2K,1-Alice,2-Bob
AllBallots,bid673,Aurora2K,1-Alice,2-Bob
AllBallots,bid674,Aurora2K,1-Alice,2-Bob
AllBallots,bid675,Aurora2K,1-Alice,2-Bob
AllBallots,bid676,Aurora2K,1-Alice,2-Bob
AllBallots,bid677,Aurora2K,1-Alice,2-Bob
AllBallots,bid678,Aurora2K,1-Alice,2-Bob
AllBallots,bid679,Aurora2K,1-Alice,2-Bob
AllBallots,bid680,Aurora2K,1-Alice,2-Bob
AllBallots,bid681,Aurora2K,1-Alice,2-Bob
AllBallots,bid682,Aurora2K,1-Alice,2-Bob
AllBallots,bid683,Aurora2K,1-Alice,2-Bob
AllBallots,bid684,Aurora2K,1-Alice,2-Bob
AllBallots,bid685,Aurora2K,1-Alice,2-Bob
AllBallots,bid686,Aurora2K,1-Alice,2-Bob
AllBallots,bid687,Aurora2K,1-Alice,2-Bob
AllBallots,bid688,Aurora2K,1-Alice,2-Bob
AllBallots,bid689,Aurora2K,1-Alice,2-Bob
AllBallots,bid690,Aurora2K,1-Alice,2-Bob
AllBallots,bid691,Aurora2K,1-Alice,2-Bob
AllBallots,bid692,Aurora2K,1-Alice,2-Bob
AllBallots,bid693,Aurora2K,1-Alice,2-Bob
AllBallots,bid694,Aurora2K,1-Alice,2-Bob
AllBallots,bid695,Aurora2K,1-Alice,2-Bob
AllBallots,bid696,Aurora2K,1-Alice,2-Bob
AllBallots,bid697,Aurora2K,1-Alice,2-Bob
AllBallots,bid698,Aurora2K,1-Alice,2-Bob
AllBallots,bid699,Aurora2K,1-Alice,2-Bob
AllBallots,bid700,Aurora2K,1-Alice,2-Bob
AllBallots,bid701,Aurora2K,1-Alice,2-Bob
AllBallots,bid702,Aurora2K,1-Alice,2-Bob
AllBallots,bid703,Aurora2K,1-Alice,2-Bob
AllBallots,bid704,Aurora2K,1-Alice,2-Bob
AllBallots,bid705,Aurora2K,1-Alice,2-Bob
AllBallots,bid706,Aurora2K,1-Alice,2-Bob
AllBallots,bid707,Aurora2K,1-Alice,2-Bob
AllBallots,bid708,Aurora2K,1-Alice,2-Bob
AllBallots,bid709,Aurora2K,1-Alice,2-Bob
AllBallots,bid710,Aurora2K,1-Alice,2-Bob
AllBallots,bid711,Aurora2K,1-Alice,2-Bob
AllBallots,bid712,Aurora2K,1-Alice,2-Bob
AllBallots,bid713,Aurora2K,1-Alice,2-Bob
AllBallots,bid714,Aurora2K,1-Alice,2-Bob
AllBallots,bid715,Aurora2K,1-Alice,2-Bob
AllBallots,bid716,Aurora2K,1-Alice,2-Bob
AllBallots,bid717,Aurora2K,1-Alice,2-Bob
AllBallots,bid718,Aurora2K,1-Alice,2-Bob
AllBallots,bid719,Aurora2K,1-Alice,2-Bob
AllBallots,bid720,Aurora2K,1-Alice,2-Bob
AllBallots,bid721,Aurora2K,1-Alice,2-Bob
AllBallots,bid722,Aurora2K,1-Alice,2-Bob
AllBallots,bid723,Aurora2K,1-Alice,2-Bob
AllBallots,bid724,Aurora2K,1-Alice,2-Bob
AllBallots,bid725,Aurora2K,1-Alice,2-Bob
AllBallots,bid726,Aurora2K,1-Alice,2-Bob
AllBallots,bid727,Aurora2K,1-Alice,2-Bob
AllBallots,bid728,Aurora2K,1-Alice,2-Bob
AllBallots,bid729,Aurora2K,1-Alice,2-Bob
AllBallots,bid730,Aurora2K,1-Alice,2-Bob
AllBallots,bid731,Aurora2K,1-Alice,2-Bob
AllBallots,bid732,Aurora2K,1-Alice,2-Bob
AllBallots,bid733,Aurora2K,1-Alice,2-Bob
AllBallots,bid734,Aurora2K,1-Alice,2-Bob
AllBallots,bid735,Aurora2K,1-Alice,2-Bob
AllBallots,bid736,Aurora2K,1-Alice,2-Bob
AllBallots,bid737,Aurora2K,1-Alice,2-Bob
AllBallots,bid738,Aurora2K,1-Alice,2-Bob
AllBallots,bid739,Aurora2K,1-Alice,2-Bob
AllBallots,bid740,Aurora2K,1-Alice,2-Bob
AllBallots,bid741,Aurora2K,1-Alice,2-Bob
AllBallots,bid742,Aurora2K,1-Alice,2-Bob
AllBallots,bid743,Aurora2K,1-Alice,2-Bob
AllBallots,bid744,Aurora2K,1-Alice,2-Bob
AllBallots,bid745,Aurora2K,1-Alice,2-Bob
AllBallots,bid746,Aurora2K,1-Alice,2-Bob
AllBallots,bid747,Aurora2K,1-Alice,2-Bob
AllBallots,bid748,Aurora2K,1-Alice,2-Bob
AllBallots,bid749,Aurora2K,1-Alice,2-Bob
AllBallots,bid750,Aurora2K,1-Alice,2-Bob
AllBallots,bid751,Aurora2K,1-Alice,2-Bob
AllBallots,bid752,Aurora2K,1-Alice,2-Bob
AllBallots,bid753,Aurora2K,1-Alice,2-Bob
AllBallots,bid754,Aurora2K,1-Alice,2-Bob
AllBallots,bid755,Aurora2K,1-Alice,2-Bob
AllBallots,bid756,Aurora2K,1-Alice,2-Bob
AllBallots,bid757,Aurora2K,1-Alice,2-Bob
AllBallots,bid758,Aurora2K,1-Alice,2-Bob
AllBallots,bid759,Aurora2K,1-Alice,2-Bob
AllBallots,bid760,Aurora2K,1-Alice,2-Bob
AllBallots,bid761,Aurora2K,1-Alice,2-Bob
AllBallots,bid762,Aurora2K,1-Alice,2-Bob
AllBallots,bid763,Aurora2K,1-Alice,2-Bob
AllBallots,bid764,Aurora2K,1-Alice,2-Bob
AllBallots,bid765,Aurora2K,1-Alice,2-Bob
AllBallots,bid766,Aurora2K,1-Alice,2-Bob
AllBallots,bid767,Aurora2K,1-Alice,2-Bob
AllBallots,bid768,Aurora2K,1-Alice,2-Bob
AllBallots,bid769,Aurora2K,1-Alice,2-Bob
AllBallots,bid770,Aurora2K,1-Alice,2-Bob
AllBallots,bid771,Aurora2K,1-Alice,2-Bob
AllBallots,bid772,Aurora2K,1-Alice,2-Bob
AllBallots,bid773,Aurora2K,1-Alice,2-Bob
AllBallots,bid774,Aurora2K,1-Alice,2-Bob
AllBallots,bid775,Aurora2K,1-Alice,2-Bob
AllBallots,bid776,Aurora2K,1-Alice,2-Bob
AllBallots,bid777,Aurora2K,1-Alice,2-Bob
AllBallots,bid778,Aurora2K,1-Alice,2-Bob
AllBallots,bid779,Aurora2K,1-Alice,2-Bob
AllBallots,bid780,Aurora2K,1-Alice,2-Bob
AllBallots,bid781,Aurora2K,1-Alice,2-Bob
AllBallots,bid782,Aurora2K,1-Alice,2-Bob
AllBallots,bid783,Aurora2K,1-Alice,2-Bob
AllBallots,bid784,Aurora2K,1-Alice,2-Bob
AllBallots,bid785,Aurora2K,1-Alice,2-Bob
AllBallots,bid786,Aurora2K,1-Alice,2-Bob
AllBallots,bid787,Aurora2K,1-Alice,2-Bob
AllBallots,bid788,Aurora2K,1-Alice,2-Bob
AllBallots,bid789,Aurora2K,1-Alice,2-Bob
AllBallots,bid790,Aurora2K,1-Alice,2-Bob
AllBallots,bid791,Aurora2K,1-Alice,2-Bob
AllBallots,bid792,Aurora2K,1-Alice,2-Bob
AllBallots,bid793,Aurora2K,1-Alice,2-Bob
AllBallots,bid794,Aurora2K,1-Alice,2-Bob
AllBallots,bid795,Aurora2K,1-Alice,2-Bob
AllBallots,bid796,Aurora2K,1-Alice,2-Bob
AllBallots,bid797,Aurora2K,1-Alice,2-Bob
AllBallots,bid798,Aurora2K,1-Alice,2-Bob
AllBallots,bid799,Aurora2K,1-Alice,2-Bob
AllBallots,bid800,Aurora2K,1-Alice,2-Bob
AllBallots,bid801,Aurora2K,1-Alice,2-Bob
AllBallots,bid802,Aurora2K,1-Alice,2-Bob
AllBallots,bid803,Aurora2K,1-Alice,2-Bob
AllBallots,bid804,Aurora2K,1-Alice,2-Bob
AllBallots,bid805,Aurora2K,1-Alice,2-Bob
AllBallots,bid806,Aurora2K,1-Alice,2-Bob
AllBallots,bid807,Aurora2K,1-Alice,2-Bob
AllBallots,bid808,Aurora2K,1-Alice,2-Bob
AllBallots,bid809,Aurora2K,1-Alice,2-Bob
AllBallots,bid810,Aurora2K,1-Alice,2-Bob
AllBallots,bid811,Aurora2K,1-Alice,2-Bob
AllBallots,bid812,Aurora2K,1-Alice,2-Bob
AllBallots,bid813,Aurora2K,1-Alice,2-Bob
AllBallots,bid814,Aurora2K,1-Alice,2-Bob
AllBallots,bid815,Aurora2K,1-Alice,2-Bob
AllBallots,bid816,Aurora2K,1-Alice,2-Bob
AllBallots,bid817,Aurora2K,1-Alice,2-Bob
AllBallots,bid818,Aurora2K,1-Alice,2-Bob
AllBallots,bid819,Aurora2K,1-Alice,2-Bob
AllBallots,bid820,Aurora2K,1-Alice,2-Bob
AllBallots,bid821,Aurora2K,1-Alice,2-Bob
AllBallots,bid822,Aurora2K,1-Alice,2-Bob
AllBallots,bid823,Aurora2K,1-Alice,2-Bob
AllBallots,bid824,Aurora2K,1-Alice,2-Bob
AllBallots,bid825,Aurora2K,1-Alice,2-Bob
AllBallots,bid826,Aurora2K,1-Alice,2-Bob
AllBallots,bid827,Aurora2K,1-Alice,2-Bob
AllBallots,bid828,Aurora2K,1-Alice,2-Bob
AllBallots,bid829,Aurora2K,1-Alice,2-Bob
AllBallots,bid830,Aurora2K,1-Alice,2-Bob
AllBallots,bid831,Aurora2K,1-Alice,2-Bob
AllBallots,bid832,Aurora2K,1-Alice,2-Bob
AllBallots,bid833,Aurora2K,1-Alice,2-Bob
AllBallots,bid834,Aurora2K,1-Alice,2-Bob
AllBallots,bid835,Aurora2K,1-Alice,2-Bob
AllBallots,bid836,Aurora2K,1-Alice,2-Bob
AllBallots,bid837,Aurora2K,1-Alice,2-Bob
AllBallots,bid838,Aurora2K,1-Alice,2-Bob
AllBallots,bid839,Aurora2K,1-Alice,2-Bob
AllBallots,bid840,Aurora2K,1-Alice,2-Bob
AllBallots,bid841,Aurora2K,1-Alice,2-Bob
AllBallots,bid842,Aurora2K,1-Alice,2-Bob
AllBallots,bid843,Aurora2K,1-Alice,2-Bob
AllBallots,bid844,Aurora2K,1-Alice,2-Bob
AllBallots,bid845,Aurora2K,1-Alice,2-Bob
AllBallots,bid846,Aurora2K,1-Alice,2-Bob
AllBallots,bid847,Aurora2K,1-Alice,2-Bob
AllBallots,bid848,Aurora2K,1-Alice,2-Bob
AllBallots,bid849,Aurora2K,1-Alice,2-Bob
AllBallots,bid850,Aurora2K,1-Alice,2-Bob
AllBallots,bid851,Aurora2K,1-Alice,2-Bob
AllBallots,bid852,Aurora2K,1-Alice,2-Bob
AllBallots,bid853,Aurora2K,1-Alice,2-Bob
AllBallots,bid854,Aurora2K,1-Alice,2-Bob
AllBallots,bid855,Aurora2K,1-Alice,2-Bob
AllBallots,bid856,Aurora2K,1-Alice,2-Bob
AllBallots,bid857,Aurora2K,1-Alice,2-Bob
AllBallots,bid858,Aurora2K,1-Alice,2-Bob
AllBallots,bid859,Aurora2K,1-Alice,2-Bob
AllBallots,bid860,Aurora2K,1-Alice,2-Bob
AllBallots,bid861,Aurora2K,1-Alice,2-Bob
AllBallots,bid862,Aurora2K,1-Alice,2-Bob
AllBallots,bid863,Aurora2K,1-Alice,2-Bob
AllBallots,bid864,Aurora2K,1-Alice,2-Bob
AllBallots,bid865,Aurora2K,1-Alice,2-Bob
AllBallots,bid866,Aurora2K,1-Alice,2-Bob
AllBallots,bid867,Aurora2K,1-Alice,2-Bob
AllBallots,bid868,Aurora2K,1-Alice,2-Bob
AllBallots,bid869,Aurora2K,1-Alice,2-Bob
AllBallots,bid870,Aurora2K,1-Alice,2-Bob
AllBallots,bid871,Aurora2K,1-Alice,2-Bob
AllBallots,bid872,Aurora2K,1-Alice,2-Bob
AllBallots,bid873,Aurora2K,1-Alice,2-Bob
AllBallots,bid874,Aurora2K,1-Alice,2-Bob
AllBallots,bid875,Aurora2K,1-Alice,2-Bob
AllBallots,bid876,Aurora2K,1-Alice,2-Bob
AllBallots,bid877,Aurora2K,1-Alice,2-Bob
AllBallots,bid878,Aurora2K,1-Alice,2-Bob
AllBallots,bid879,Aurora2K,1-Alice,2-Bob
AllBallots,bid880,Aurora2K,1-Alice,2-Bob
AllBallots,bid881,Aurora2K,1-Alice,2-Bob
AllBallots,bid882,Aurora2K,1-Alice,2-Bob
AllBallots,bid883,Aurora2K,1-Alice,2-Bob
AllBallots,bid884,Aurora2K,1-Alice,2-Bob
AllBallots,bid885,Aurora2K,1-Alice,2-Bob
AllBallots,bid886,Aurora2K,1-Alice,2-Bob
AllBallots,bid887,Aurora2K,1-Alice,2-Bob
AllBallots,bid888,Aurora2K,1-Alice,2-Bob
AllBallots,bid889,Aurora2K,1-Alice,2-Bob
AllBallots,bid890,Aurora2K,1-Alice,2-Bob
AllBallots,bid891,Aurora2K,1-Alice,2-Bob
AllBallots,bid892,Aurora2K,1-Alice,2-Bob
AllBallots,bid893,Aurora2K,1-Alice,2-Bob
AllBallots,bid894,Aurora2K,1-Alice,2-Bob
AllBallots,bid895,Aurora2K,1-Alice,2-Bob
AllBallots,bid896,Aurora2K,1-Alice,2-Bob
AllBallots,bid897,Aurora2K,1-Alice,2-Bob
AllBallots,bid898,Aurora2K,1-Alice,2-Bob
AllBallots,bid899,Aurora2K,1-Alice,2-Bob
AllBallots,bid900,Aurora2K,1-Alice,2-Bob
AllBallots,bid901,Aurora2K,1-Alice,2-Bob
AllBallots,bid902,Aurora2K,1-Alice,2-Bob
AllBallots,bid903,Aurora2K,1-Alice,2-Bob
AllBallots,bid904,Aurora2K,1-Alice,2-Bob
AllBallots,bid905,Aurora2K,1-Alice,2-Bob
AllBallots,bid906,Aurora2K,1-Alice,2-Bob
AllBallots,bid907,Aurora2K,1-Alice,2-Bob
AllBallots,bid908,Aurora2K,1-Alice,2-Bob
AllBallots,bid909,Aurora2K,1-Alice,2-Bob
AllBallots,bid910,Aurora2K,1-Alice,2-Bob
AllBallots,bid911,Aurora2K,1-Alice,2-Bob
AllBallots,bid912,Aurora2K,1-Alice,2-Bob
AllBallots,bid913,Aurora2K,1-Alice,2-Bob
AllBallots,bid914,Aurora2K,1-Alice,2-Bob
AllBallots,bid915,Aurora2K,1-Alice,2-Bob
AllBallots,bid916,Aurora2K,1-Alice,2-Bob
AllBallots,bid917,Aurora2K,1-Alice,2-Bob
AllBallots,bid918,Aurora2K,1-Alice,2-Bob
AllBallots,bid919,Aurora2K,1-Alice,2-Bob
AllBallots,bid920,Aurora2K,1-Alice,2-Bob
AllBallots,bid921,Aurora2K,1-Alice,2-Bob
AllBallots,bid922,Aurora2K,1-Alice,2-Bob
AllBallots,bid923,Aurora2K,1-Alice,2-Bob
AllBallots,bid924,Aurora2K,1-Alice,2-Bob
AllBallots,bid925,Aurora2K,1-Alice,2-Bob
AllBallots,bid926,Aurora2K,1-Alice,2-Bob
AllBallots,bid927,Aurora2K,1-Alice,2-Bob
AllBallots,bid928,Aurora2K,1-Alice,2-Bob
AllBallots,bid929,Aurora2K,1-Alice,2-Bob
AllBallots,bid930,Aurora2K,1-Alice,2-Bob
AllBallots,bid931,Aurora2K,1-Alice,2-Bob
AllBallots,bid932,Aurora2K,1-Alice,2-Bob
AllBallots,bid933,Aurora2K,1-Alice,2-Bob
AllBallots,bid934,Aurora2K,1-Alice,2-Bob
AllBallots,bid935,Aurora2K,1-Alice,2-Bob
AllBallots,bid936,Aurora2K,1-Alice,2-Bob
AllBallots,bid937,Aurora2K,1-Alice,2-Bob
AllBallots,bid938,Aurora2K,1-Alice,2-Bob
AllBallots,bid939,Aurora2K,1-Alice,2-Bob
AllBallots,bid940,Aurora2K,1-Alice,2-Bob
AllBallots,bid941,Aurora2K,1-Alice,2-Bob
AllBallots,bid942,Aurora2K,1-Alice,2-Bob
AllBallots,bid943,Aurora2K,1-Alice,2-Bob
AllBallots,bid944,Aurora2K,1-Alice,2-Bob
AllBallots,bid945,Aurora2K,1-Alice,2-Bob
AllBallots,bid946,Aurora2K,1-Alice,2-Bob
AllBallots,bid947,Aurora2K,1-Alice,2-Bob
AllBallots,bid948,Aurora2K,1-Alice,2-Bob
AllBallots,bid949,Aurora2K,1-Alice,2-Bob
AllBallots,bid950,Aurora2K,1-Alice,2-Bob
AllBallots,bid951,Aurora2K,1-Alice,2-Bob
AllBallots,bid952,Aurora2K,1-Alice,2-Bob
AllBallots,bid953,Aurora2K,1-Alice,2-Bob
AllBallots,bid954,Aurora2K,1-Alice,2-Bob
AllBallots,bid955,Aurora2K,1-Alice,2-Bob
AllBallots,bid956,Aurora2K,1-Alice,2-Bob
AllBallots,bid957,Aurora2K,1-Alice,2-Bob
AllBallots,bid958,Aurora2K,1-Alice,2-Bob
AllBallots,bid959,Aurora2K,1-Alice,2-Bob
AllBallots,bid960,Aurora2K,1-Alice,2-Bob
AllBallots,bid961,Aurora2K,1-Alice,2-Bob
AllBallots,bid962,Aurora2K,1-Alice,2-Bob
AllBallots,bid963,Aurora2K,1-Alice,2-Bob
AllBallots,bid964,Aurora2K,1-Alice,2-Bob
AllBallots,bid965,Aurora2K,1-Alice,2-Bob
AllBallots,bid966,Aurora2K,1-Alice,2-Bob
AllBallots,bid967,Aurora2K,1-Alice,2-Bob
AllBallots,bid968,Aurora2K,1-Alice,2-Bob
AllBallots,bid969,Aurora2K,1-Alice,2-Bob
AllBallots,bid970,Aurora2K,1-Alice,2-Bob
AllBallots,bid971,Aurora2K,1-Alice,2-Bob
AllBallots,bid972,Aurora2K,1-Alice,2-Bob
AllBallots,bid973,Aurora2K,1-Alice,2-Bob
AllBallots,bid974,Aurora2K,1-Alice,2-Bob
AllBallots,bid975,Aurora2K,1-Alice,2-Bob
AllBallots,bid976,Aurora2K,1-Alice,2-Bob
AllBallots,bid977,Aurora2K,1-Alice,2-Bob
AllBallots,bid978,Aurora2K,1-Alice,2-Bob
AllBallots,bid979,Aurora2K,1-Alice,2-Bob
AllBallots,bid980,Aurora2K,1-Alice,2-Bob
AllBallots,bid981,Aurora2K,1-Alice,2-Bob
AllBallots,bid982,Aurora2K,1-Alice,2-Bob
AllBallots,bid983,Aurora2K,1-Alice,2-Bob
AllBallots,bid984,Aurora2K,1-Alice,2-Bob
AllBallots,bid985,Aurora2K,1-Alice,2-Bob
AllBallots,bid986,Aurora2K,1-Alice,2-Bob
AllBallots,bid987,Aurora2K,1-Alice,2-Bob
AllBallots,bid988,Aurora2K,1-Alice,2-Bob
AllBallots,bid989,Aurora2K,1-Alice,2-Bob
AllBallots,bid990,Aurora2K,1-Alice,2-Bob
AllBallots,bid991,Aurora2K,1-Alice,2-Bob
AllBallots,bid992,Aurora2K,1-Alice,2-Bob
AllBallots,bid993,Aurora2K,1-Alice,2-Bob
AllBallots,bid994,Aurora2K,1-Alice,2-Bob
AllBallots,bid995,Aurora2K,1-Alice,2-Bob
AllBallots,bid996,Aurora2K,1-Alice,2-Bob
AllBallots,bid997,Aurora2K,1-Alice,2-Bob
AllBallots,bid998,Aurora2K,1-Alice,2-Bob
AllBallots,bid999,Aurora2K,1-Alice,2-Bob
AllBallots,bid1000,Aurora2K,1-Alice,2-Bob
