Collection,Scanner,Ballot id,Contest,Selections
AllBallots,scanner1,bid1,Aurora2K,1-Alice,2-Bob
AllBallots,scanner1,bid2,Aurora2K,1-Alice,2-Bob
AllBallots,scanner1,bid3,Aurora2K,1-Alice,2-Bob
AllBallots,scanner1,bid4,Aurora2K,1-Alice,2-Bob
AllBallots,scanner1,bid5,Aurora2K,1-Alice,2-Bob
AllBallots,scanner1,bid6,Aurora2K,1-Alice,2-Bob
AllBallots,scanner1,bid7,Aurora2K,1-Alice,2-Bob
AllBallots,scanner1,bid8,Aurora2K,1-Alice,2-Bob
AllBallots,scanner1,bid9,Aurora2K,1-Alice,2-Bob
AllBallots,scanner1,bid10,Aurora2K,1-Alice,2-Bob
AllBallots,scanner1,bid11,Aurora2K,1-Alice,2-Bob
AllBallots,scanner1,bid12,Aurora2K,1-Alice,2-Bob
AllBallots,scanner1,bid13,Aurora2K,1-Alice,2-Bob
AllBallots,scanner1,bid14,Aurora2K,1-Alice,2-Bob
AllBallots,scanner1,bid15,Aurora2K,1-Alice,2-Bob
AllBallots,scanner1,bid16,Aurora2K,1-Alice,2-Bob
AllBallots,scanner1,bid17,Aurora2K,1-Alice,2-Bob
AllBallots,scanner1,bid18,Aurora2K,1-Alice,2-Bob
AllBallots,scanner1,bid19,Aurora2K,1-Alice,2-Bob
AllBallots,scanner1,bid20,Aurora2K,1-Alice,2-Bob
AllBallots,scanner1,bid21,Aurora2K,1-Alice,2-Bob
AllBallots,scanner1,bid22,Aurora2K,1-Alice,2-Bob
AllBallots,scanner1,bid23,Aurora2K,1-Alice,2-Bob
AllBallots,scanner1,bid24,Aurora2K,1-Alice,2-Bob
AllBallots,scanner1,bid25,Aurora2K,1-Alice,2-Bob
AllBallots,scanner1,bid26,Aurora2K,1-Alice,2-Bob
AllBallots,scanner1,bid27,Aurora2K,1-Alice,2-Bob
AllBallots,scanner1,bid28,Aurora2K,1-Alice,2-Bob
AllBallots,scanner1,bid29,Aurora2K,1-Alice,2-Bob
AllBallots,scanner1,bid30,Aurora2K,1-Alice,2-Bob
AllBallots,scanner1,bid31,Aurora2K,1-Alice,2-Bob
AllBallots,scanner1,bid32,Aurora2K,1-Alice,2-Bob
AllBallots,scanner1,bid33,Aurora2K,1-Alice,2-Bob
AllBallots,scanner1,bid34,Aurora2K,1-Alice,2-Bob
AllBallots,scanner1,bid35,Aurora2K,1-Alice,2-Bob
AllBallots,scanner1,bid36,Aurora2K,1-Alice,2-Bob
AllBallots,scanner1,bid37,Aurora2K,1-Alice,2-Bob
AllBallots,scanner1,bid38,Aurora2K,1-Alice,2-Bob
AllBallots,scanner1,bid39,Aurora2K,1-Alice,2-Bob
AllBallots,scanner1,bid40,Aurora2K,1-Alice,2-Bob
AllBallots,scanner1,bid41,Aurora2K,1-Alice,2-Bob
AllBallots,scanner1,bid42,Aurora2K,1-Alice,2-Bob
AllBallots,scanner1,bid43,Aurora2K,1-Alice,2-Bob
AllBallots,scanner1,bid44,Aurora2K,1-Alice,2-Bob
AllBallots,scanner1,bid45,Aurora2K,1-Alice,2-Bob
AllBallots,scanner1,bid46,Aurora2K,1-Alice,2-Bob
AllBallots,scanner1,bid47,Aurora2K,1-Alice,2-Bob
AllBallots,scanner1,bid48,Aurora2K,1-Alice,2-Bob
AllBallots,scanner1,bid49,Aurora2K,1-Alice,2-Bob
AllBallots,scanner1,bid50,Aurora2K,1-Alice,2-Bob
AllBallots,scanner1,bid51,Aurora2K,1-Alice,2-Bob
AllBallots,scanner1,bid52,Aurora2K,1-Alice,2-Bob
AllBallots,scanner1,bid53,Aurora2K,1-Alice,2-Bob
AllBallots,scanner1,bid54,Aurora2K,1-Alice,2-Bob
AllBallots,scanner1,bid55,Aurora2K,1-Alice,2-Bob
AllBallots,scanner1,bid56,Aurora2K,1-Alice,2-Bob
AllBallots,scanner1,bid57,Aurora2K,1-Alice,2-Bob
AllBallots,scanner1,bid58,Aurora2K,1-Alice,2-Bob
AllBallots,scanner1,bid59,Aurora2K,1-Alice,2-Bob
AllBallots,scanner1,bid60,Aurora2K,1-Alice,2-Bob
AllBallots,scanner1,bid61,Aurora2K,1-Alice,2-Bob
AllBallots,scanner1,bid62,Aurora2K,1-Alice,2-Bob
AllBallots,scanner1,bid63,Aurora2K,1-Alice,2-Bob
AllBallots,scanner1,bid64,Aurora2K,1-Alice,2-Bob
AllBallots,scanner1,bid65,Aurora2K,1-Alice,2-Bob
AllBallots,scanner1,bid66,Aurora2K,1-Alice,2-Bob
AllBallots,scanner1,bid67,Aurora2K,1-Alice,2-Bob
AllBallots,scanner1,bid68,Aurora2K,1-Alice,2-Bob
AllBallots,scanner1,bid69,Aurora2K,1-Alice,2-Bob
AllBallots,scanner1,bid70,Aurora2K,1-Alice,2-Bob
AllBallots,scanner1,bid71,Aurora2K,1-Alice,2-Bob
AllBallots,scanner1,bid72,Aurora2K,1-Alice,2-Bob
AllBallots,scanner1,bid73,Aurora2K,1-Alice,2-Bob
AllBallots,scanner1,bid74,Aurora2K,1-Alice,2-Bob
AllBallots,scanner1,bid75,Aurora2K,1-Alice,2-Bob
AllBallots,scanner1,bid76,Aurora2K,1-Alice,2-Bob
AllBallots,scanner1,bid77,Aurora2K,1-Alice,2-Bob
AllBallots,scanner1,bid78,Aurora2K,1-Alice,2-Bob
AllBallots,scanner1,bid79,Aurora2K,1-Alice,2-Bob
AllBallots,scanner1,bid80,Aurora2K,1-Alice,2-Bob
AllBallots,scanner1,bid81,Aurora2K,1-Alice,2-Bob
AllBallots,scanner1,bid82,Aurora2K,1-Alice,2-Bob
AllBallots,scanner1,bid83,Aurora2K,1-Alice,2-Bob
AllBallots,scanner1,bid84,Aurora2K,1-Alice,2-Bob
AllBallots,scanner1,bid85,Aurora2K,1-Alice,2-Bob
AllBallots,scanner1,bid86,Aurora2K,1-Alice,2-Bob
AllBallots,scanner1,bid87,Aurora2K,1-Alice,2-Bob
AllBallots,scanner1,bid88,Aurora2K,1-Alice,2-Bob
AllBallots,scanner1,bid89,Aurora2K,1-Alice,2-Bob
AllBallots,scanner1,bid90,Aurora2K,1-Alice,2-Bob
AllBallots,scanner1,bid91,Aurora2K,1-Alice,2-Bob
AllBallots,scanner1,bid92,Aurora2K,1-Alice,2-Bob
AllBallots,scanner1,bid93,Aurora2K,1-Alice,2-Bob
AllBallots,scanner1,bid94,Aurora2K,1-Alice,2-Bob
AllBallots,scanner1,bid95,Aurora2K,1-Alice,2-Bob
AllBallots,scanner1,bid96,Aurora2K,1-Alice,2-Bob
AllBallots,scanner1,bid97,Aurora2K,1-Alice,2-Bob
AllBallots,scanner1,bid98,Aurora2K,1-Alice,2-Bob
AllBallots,scanner1,bid99,Aurora2K,1-Alice,2-Bob
AllBallots,scanner1,bid100,Aurora2K,1-Alice,2-Bob
AllBallots,scanner1,bid101,Aurora2K,1-Alice,2-Bob
AllBallots,scanner1,bid102,Aurora2K,1-Alice,2-Bob
AllBallots,scanner1,bid103,Aurora2K,1-Alice,2-Bob
AllBallots,scanner1,bid104,Aurora2K,1-Alice,2-Bob
AllBallots,scanner1,bid105,Aurora2K,1-Alice,2-Bob
AllBallots,scanner1,bid106,Aurora2K,1-Alice,2-Bob
AllBallots,scanner1,bid107,Aurora2K,1-Alice,2-Bob
AllBallots,scanner1,bid108,Aurora2K,1-Alice,2-Bob
AllBallots,scanner1,bid109,Aurora2K,1-Alice,2-Bob
AllBallots,scanner1,bid110,Aurora2K,1-Alice,2-Bob
AllBallots,scanner1,bid111,Aurora2K,1-Alice,2-Bob
AllBallots,scanner1,bid112,Aurora2K,1-Alice,2-Bob
AllBallots,scanner1,bid113,Aurora2K,1-Alice,2-Bob
AllBallots,scanner1,bid114,Aurora2K,1-Alice,2-Bob
AllBallots,scanner1,bid115,Aurora2K,1-Alice,2-Bob
AllBallots,scanner1,bid116,Aurora2K,1-Alice,2-Bob
AllBallots,scanner1,bid117,Aurora2K,1-Alice,2-Bob
AllBallots,scanner1,bid118,Aurora2K,1-Alice,2-Bob
AllBallots,scanner1,bid119,Aurora2K,1-Alice,2-Bob
AllBallots,scanner1,bid120,Aurora2K,1-Alice,2-Bob
AllBallots,scanner1,bid121,Aurora2K,1-Alice,2-Bob
AllBallots,scanner1,bid122,Aurora2K,1-Alice,2-Bob
AllBallots,scanner1,bid123,Aurora2K,1-Alice,2-Bob
AllBallots,scanner1,bid124,Aurora2K,1-Alice,2-Bob
AllBallots,scanner1,bid125,Aurora2K,1-Alice,2-Bob
AllBallots,scanner1,bid126,Aurora2K,1-Alice,2-Bob
AllBallots,scanner1,bid127,Aurora2K,1-Alice,2-Bob
AllBallots,scanner1,bid128,Aurora2K,1-Alice,2-Bob
AllBallots,scanner1,bid129,Aurora2K,1-Alice,2-Bob
AllBallots,scanner1,bid130,Aurora2K,1-Alice,2-Bob
AllBallots,scanner1,bid131,Aurora2K,1-Alice,2-Bob
AllBallots,scanner1,bid132,Aurora2K,1-Alice,2-Bob
AllBallots,scanner1,bid133,Aurora2K,1-Alice,2-Bob
AllBallots,scanner1,bid134,Aurora2K,1-Alice,2-Bob
AllBallots,scanner1,bid135,Aurora2K,1-Alice,2-Bob
AllBallots,scanner1,bid136,Aurora2K,1-Alice,2-Bob
AllBallots,scanner1,bid137,Aurora2K,1-Alice,2-Bob
AllBallots,scanner1,bid138,Aurora2K,1-Alice,2-Bob
AllBallots,scanner1,bid139,Aurora2K,1-Alice,2-Bob
AllBallots,scanner1,bid140,Aurora2K,1-Alice,2-Bob
AllBallots,scanner1,bid141,Aurora2K,1-Alice,2-Bob
AllBallots,scanner1,bid142,Aurora2K,1-Alice,2-Bob
AllBallots,scanner1,bid143,Aurora2K,1-Alice,2-Bob
AllBallots,scanner1,bid144,Aurora2K,1-Alice,2-Bob
AllBallots,scanner1,bid145,Aurora2K,1-Alice,2-Bob
AllBallots,scanner1,bid146,Aurora2K,1-Alice,2-Bob
AllBallots,scanner1,bid147,Aurora2K,1-Alice,2-Bob
AllBallots,scanner1,bid148,Aurora2K,1-Alice,2-Bob
AllBallots,scanner1,bid149,Aurora2K,1-Alice,2-Bob
AllBallots,scanner1,bid150,Aurora2K,1-Alice,2-Bob
AllBallots,scanner1,bid151,Aurora2K,1-Alice,2-Bob
AllBallots,scanner1,bid152,Aurora2K,1-Alice,2-Bob
AllBallots,scanner1,bid153,Aurora2K,1-Alice,2-Bob
AllBallots,scanner1,bid154,Aurora2K,1-Alice,2-Bob
AllBallots,scanner1,bid155,Aurora2K,1-Alice,2-Bob
AllBallots,scanner1,bid156,Aurora2K,1-Alice,2-Bob
AllBallots,scanner1,bid157,Aurora2K,1-Alice,2-Bob
AllBallots,scanner1,bid158,Aurora2K,1-Alice,2-Bob
AllBallots,scanner1,bid159,Aurora2K,1-Alice,2-Bob
AllBallots,scanner1,bid160,Aurora2K,1-Alice,2-Bob
AllBallots,scanner1,bid161,Aurora2K,1-Alice,2-Bob
AllBallots,scanner1,bid162,Aurora2K,1-Alice,2-Bob
AllBallots,scanner1,bid163,Aurora2K,1-Alice,2-Bob
AllBallots,scanner1,bid164,Aurora2K,1-Alice,2-Bob
AllBallots,scanner1,bid165,Aurora2K,1-Alice,2-Bob
AllBallots,scanner1,bid166,Aurora2K,1-Alice,2-Bob
AllBallots,scanner1,bid167,Aurora2K,1-Alice,2-Bob
AllBallots,scanner1,bid168,Aurora2K,1-Alice,2-Bob
AllBallots,scanner1,bid169,Aurora2K,1-Alice,2-Bob
AllBallots,scanner1,bid170,Aurora2K,1-Alice,2-Bob
AllBallots,scanner1,bid171,Aurora2K,1-Alice,2-Bob
AllBallots,scanner1,bid172,Aurora2K,1-Alice,2-Bob
AllBallots,scanner1,bid173,Aurora2K,1-Alice,2-Bob
AllBallots,scanner1,bid174,Aurora2K,1-Alice,2-Bob
AllBallots,scanner1,bid175,Aurora2K,1-Alice,2-Bob
AllBallots,scanner1,bid176,Aurora2K,1-Alice,2-Bob
AllBallots,scanner1,bid177,Aurora2K,1-Alice,2-Bob
AllBallots,scanner1,bid178,Aurora2K,1-Alice,2-Bob
AllBallots,scanner1,bid179,Aurora2K,1-Alice,2-Bob
AllBallots,scanner1,bid180,Aurora2K,1-Alice,2-Bob
AllBallots,scanner1,bid181,Aurora2K,1-Alice,2-Bob
AllBallots,scanner1,bid182,Aurora2K,1-Alice,2-Bob
AllBallots,scanner1,bid183,Aurora2K,1-Alice,2-Bob
AllBallots,scanner1,bid184,Aurora2K,1-Alice,2-Bob
AllBallots,scanner1,bid185,Aurora2K,1-Alice,2-Bob
AllBallots,scanner1,bid186,Aurora2K,1-Alice,2-Bob
AllBallots,scanner1,bid187,Aurora2K,1-Alice,2-Bob
AllBallots,scanner1,bid188,Aurora2K,1-Alice,2-Bob
AllBallots,scanner1,bid189,Aurora2K,1-Alice,2-Bob
AllBallots,scanner1,bid190,Aurora2K,1-Alice,2-Bob
AllBallots,scanner1,bid191,Aurora2K,1-Alice,2-Bob
AllBallots,scanner1,bid192,Aurora2K,1-Alice,2-Bob
AllBallots,scanner1,bid193,Aurora2K,1-Alice,2-Bob
AllBallots,scanner1,bid194,Aurora2K,1-Alice,2-Bob
AllBallots,scanner1,bid195,Aurora2K,1-Alice,2-Bob
AllBallots,scanner1,bid196,Aurora2K,1-Alice,2-Bob
AllBallots,scanner1,bid197,Aurora2K,1-Alice,2-Bob
AllBallots,scanner1,bid198,Aurora2K,1-Alice,2-Bob
AllBallots,scanner1,bid199,Aurora2K,1-Alice,2-Bob
AllBallots,scanner1,bid200,Aurora2K,1-Alice,2-Bob
AllBallots,scanner1,bid201,Aurora2K,1-Alice,2-Bob
AllBallots,scanner1,bid202,Aurora2K,1-Alice,2-Bob
AllBallots,scanner1,bid203,Aurora2K,1-Alice,2-Bob
AllBallots,scanner1,bid204,Aurora2K,1-Alice,2-Bob
AllBallots,scanner1,bid205,Aurora2K,1-Alice,2-Bob
AllBallots,scanner1,bid206,Aurora2K,1-Alice,2-Bob
AllBallots,scanner1,bid207,Aurora2K,1-Alice,2-Bob
AllBallots,scanner1,bid208,Aurora2K,1-Alice,2-Bob
AllBallots,scanner1,bid209,Aurora2K,1-Alice,2-Bob
AllBallots,scanner1,bid210,Aurora2K,1-Alice,2-Bob
AllBallots,scanner1,bid211,Aurora2K,1-Alice,2-Bob
AllBallots,scanner1,bid212,Aurora2K,1-Alice,2-Bob
AllBallots,scanner1,bid213,Aurora2K,1-Alice,2-Bob
AllBallots,scanner1,bid214,Aurora2K,1-Alice,2-Bob
AllBallots,scanner1,bid215,Aurora2K,1-Alice,2-Bob
AllBallots,scanner1,bid216,Aurora2K,1-Alice,2-Bob
AllBallots,scanner1,bid217,Aurora2K,1-Alice,2-Bob
AllBallots,scanner1,bid218,Aurora2K,1-Alice,2-Bob
AllBallots,scanner1,bid219,Aurora2K,1-Alice,2-Bob
AllBallots,scanner1,bid220,Aurora2K,1-Alice,2-Bob
AllBallots,scanner1,bid221,Aurora2K,1-Alice,2-Bob
AllBallots,scanner1,bid222,Aurora2K,1-Alice,2-Bob
AllBallots,scanner1,bid223,Aurora2K,1-Alice,2-Bob
AllBallots,scanner1,bid224,Aurora2K,1-Alice,2-Bob
AllBallots,scanner1,bid225,Aurora2K,1-Alice,2-Bob
AllBallots,scanner1,bid226,Aurora2K,1-Alice,2-Bob
AllBallots,scanner1,bid227,Aurora2K,1-Alice,2-Bob
AllBallots,scanner1,bid228,Aurora2K,1-Alice,2-Bob
AllBallots,scanner1,bid229,Aurora2K,1-Alice,2-Bob
AllBallots,scanner1,bid230,Aurora2K,1-Alice,2-Bob
AllBallots,scanner1,bid231,Aurora2K,1-Alice,2-Bob
AllBallots,scanner1,bid232,Aurora2K,1-Alice,2-Bob
AllBallots,scanner1,bid233,Aurora2K,1-Alice,2-Bob
AllBallots,scanner1,bid234,Aurora2K,1-Alice,2-Bob
AllBallots,scanner1,bid235,Aurora2K,1-Alice,2-Bob
AllBallots,scanner1,bid236,Aurora2K,1-Alice,2-Bob
AllBallots,scanner1,bid237,Aurora2K,1-Alice,2-Bob
AllBallots,scanner1,bid238,Aurora2K,1-Alice,2-Bob
AllBallots,scanner1,bid239,Aurora2K,1-Alice,2-Bob
AllBallots,scanner1,bid240,Aurora2K,1-Alice,2-Bob
AllBallots,scanner1,bid241,Aurora2K,1-Alice,2-Bob
AllBallots,scanner1,bid242,Aurora2K,1-Alice,2-Bob
AllBallots,scanner1,bid243,Aurora2K,1-Alice,2-Bob
AllBallots,scanner1,bid244,Aurora2K,1-Alice,2-Bob
AllBallots,scanner1,bid245,Aurora2K,1-Alice,2-Bob
AllBallots,scanner1,bid246,Aurora2K,1-Alice,2-Bob
AllBallots,scanner1,bid247,Aurora2K,1-Alice,2-Bob
AllBallots,scanner1,bid248,Aurora2K,1-Alice,2-Bob
AllBallots,scanner1,bid249,Aurora2K,1-Alice,2-Bob
AllBallots,scanner1,bid250,Aurora2K,1-Alice,2-Bob
AllBallots,scanner1,bid251,Aurora2K,1-Alice,2-Bob
AllBallots,scanner1,bid252,Aurora2K,1-Alice,2-Bob
AllBallots,scanner1,bid253,Aurora2K,1-Alice,2-Bob
AllBallots,scanner1,bid254,Aurora2K,1-Alice,2-Bob
AllBallots,scanner1,bid255,Aurora2K,1-Alice,2-Bob
AllBallots,scanner1,bid256,Aurora2K,1-Alice,2-Bob
AllBallots,scanner1,bid257,Aurora2K,1-Alice,2-Bob
AllBallots,scanner1,bid258,Aurora2K,1-Alice,2-Bob
AllBallots,scanner1,bid259,Aurora2K,1-Alice,2-Bob
AllBallots,scanner1,bid260,Aurora2K,1-Alice,2-Bob
AllBallots,scanner1,bid261,Aurora2K,1-Alice,2-Bob
AllBallots,scanner1,bid262,Aurora2K,1-Alice,2-Bob
AllBallots,scanner1,bid263,Aurora2K,1-Alice,2-Bob
AllBallots,scanner1,bid264,Aurora2K,1-Alice,2-Bob
AllBallots,scanner1,bid265,Aurora2K,1-Alice,2-Bob
AllBallots,scanner1,bid266,Aurora2K,1-Alice,2-Bob
AllBallots,scanner1,bid267,Aurora2K,1-Alice,2-Bob
AllBallots,scanner1,bid268,Aurora2K,1-Alice,2-Bob
AllBallots,scanner1,bid269,Aurora2K,1-Alice,2-Bob
AllBallots,scanner1,bid270,Aurora2K,1-Alice,2-Bob
AllBallots,scanner1,bid271,Aurora2K,1-Alice,2-Bob
AllBallots,scanner1,bid272,Aurora2K,1-Alice,2-Bob
AllBallots,scanner1,bid273,Aurora2K,1-Alice,2-Bob
AllBallots,scanner1,bid274,Aurora2K,1-Alice,2-Bob
AllBallots,scanner1,bid275,Aurora2K,1-Alice,2-Bob
AllBallots,scanner1,bid276,Aurora2K,1-Alice,2-Bob
AllBallots,scanner1,bid277,Aurora2K,1-Alice,2-Bob
AllBallots,scanner1,bid278,Aurora2K,1-Alice,2-Bob
AllBallots,scanner1,bid279,Aurora2K,1-Alice,2-Bob
AllBallots,scanner1,bid280,Aurora2K,1-Alice,2-Bob
AllBallots,scanner1,bid281,Aurora2K,1-Alice,2-Bob
AllBallots,scanner1,bid282,Aurora2K,1-Alice,2-Bob
AllBallots,scanner1,bid283,Aurora2K,1-Alice,2-Bob
AllBallots,scanner1,bid284,Aurora2K,1-Alice,2-Bob
AllBallots,scanner1,bid285,Aurora2K,1-Alice,2-Bob
AllBallots,scanner1,bid286,Aurora2K,1-Alice,2-Bob
AllBallots,scanner1,bid287,Aurora2K,1-Alice,2-Bob
AllBallots,scanner1,bid288,Aurora2K,1-Alice,2-Bob
AllBallots,scanner1,bid289,Aurora2K,1-Alice,2-Bob
AllBallots,scanner1,bid290,Aurora2K,1-Alice,2-Bob
AllBallots,scanner1,bid291,Aurora2K,1-Alice,2-Bob
AllBallots,scanner1,bid292,Aurora2K,1-Alice,2-Bob
AllBallots,scanner1,bid293,Aurora2K,1-Alice,2-Bob
AllBallots,scanner1,bid294,Aurora2K,1-Alice,2-Bob
AllBallots,scanner1,bid295,Aurora2K,1-Alice,2-Bob
AllBallots,scanner1,bid296,Aurora2K,1-Alice,2-Bob
AllBallots,scanner1,bid297,Aurora2K,1-Alice,2-Bob
AllBallots,scanner1,bid298,Aurora2K,1-Alice,2-Bob
AllBallots,scanner1,bid299,Aurora2K,1-Alice,2-Bob
AllBallots,scanner1,bid300,Aurora2K,1-Alice,2-Bob
AllBallots,scanner1,bid301,Aurora2K,1-Alice,2-Bob
AllBallots,scanner1,bid302,Aurora2K,1-Alice,2-Bob
AllBallots,scanner1,bid303,Aurora2K,1-Alice,2-Bob
AllBallots,scanner1,bid304,Aurora2K,1-Alice,2-Bob
AllBallots,scanner1,bid305,Aurora2K,1-Alice,2-Bob
AllBallots,scanner1,bid306,Aurora2K,1-Alice,2-Bob
AllBallots,scanner1,bid307,Aurora2K,1-Alice,2-Bob
AllBallots,scanner1,bid308,Aurora2K,1-Alice,2-Bob
AllBallots,scanner1,bid309,Aurora2K,1-Alice,2-Bob
AllBallots,scanner1,bid310,Aurora2K,1-Alice,2-Bob
AllBallots,scanner1,bid311,Aurora2K,1-Alice,2-Bob
AllBallots,scanner1,bid312,Aurora2K,1-Alice,2-Bob
AllBallots,scanner1,bid313,Aurora2K,1-Alice,2-Bob
AllBallots,scanner1,bid314,Aurora2K,1-Alice,2-Bob
AllBallots,scanner1,bid315,Aurora2K,1-Alice,2-Bob
AllBallots,scanner1,bid316,Aurora2K,1-Alice,2-Bob
AllBallots,scanner1,bid317,Aurora2K,1-Alice,2-Bob
AllBallots,scanner1,bid318,Aurora2K,1-Alice,2-Bob
AllBallots,scanner1,bid319,Aurora2K,1-Alice,2-Bob
AllBallots,scanner1,bid320,Aurora2K,1-Alice,2-Bob
AllBallots,scanner1,bid321,Aurora2K,1-Alice,2-Bob
AllBallots,scanner1,bid322,Aurora2K,1-Alice,2-Bob
AllBallots,scanner1,bid323,Aurora2K,1-Alice,2-Bob
AllBallots,scanner1,bid324,Aurora2K,1-Alice,2-Bob
AllBallots,scanner1,bid325,Aurora2K,1-Alice,2-Bob
AllBallots,scanner1,bid326,Aurora2K,1-Alice,2-Bob
AllBallots,scanner1,bid327,Aurora2K,1-Alice,2-Bob
AllBallots,scanner1,bid328,Aurora2K,1-Alice,2-Bob
AllBallots,scanner1,bid329,Aurora2K,1-Alice,2-Bob
AllBallots,scanner1,bid330,Aurora2K,1-Alice,2-Bob
AllBallots,scanner1,bid331,Aurora2K,1-Alice,2-Bob
AllBallots,scanner1,bid332,Aurora2K,1-Alice,2-Bob
AllBallots,scanner1,bid333,Aurora2K,1-Alice,2-Bob
AllBallots,scanner1,bid334,Aurora2K,1-Alice,2-Bob
AllBallots,scanner1,bid335,Aurora2K,1-Alice,2-Bob
AllBallots,scanner1,bid336,Aurora2K,1-Alice,2-Bob
AllBallots,scanner1,bid337,Aurora2K,1-Alice,2-Bob
AllBallots,scanner1,bid338,Aurora2K,1-Alice,2-Bob
AllBallots,scanner1,bid339,Aurora2K,1-Alice,2-Bob
AllBallots,scanner1,bid340,Aurora2K,1-Alice,2-Bob
AllBallots,scanner1,bid341,Aurora2K,1-Alice,2-Bob
AllBallots,scanner1,bid342,Aurora2K,1-Alice,2-Bob
AllBallots,scanner1,bid343,Aurora2K,1-Alice,2-Bob
AllBallots,scanner1,bid344,Aurora2K,1-Alice,2-Bob
AllBallots,scanner1,bid345,Aurora2K,1-Alice,2-Bob
AllBallots,scanner1,bid346,Aurora2K,1-Alice,2-Bob
AllBallots,scanner1,bid347,Aurora2K,1-Alice,2-Bob
AllBallots,scanner1,bid348,Aurora2K,1-Alice,2-Bob
AllBallots,scanner1,bid349,Aurora2K,1-Alice,2-Bob
AllBallots,scanner1,bid350,Aurora2K,1-Alice,2-Bob
AllBallots,scanner1,bid351,Aurora2K,1-Alice,2-Bob
AllBallots,scanner1,bid352,Aurora2K,1-Alice,2-Bob
AllBallots,scanner1,bid353,Aurora2K,1-Alice,2-Bob
AllBallots,scanner1,bid354,Aurora2K,1-Alice,2-Bob
AllBallots,scanner1,bid355,Aurora2K,1-Alice,2-Bob
AllBallots,scanner1,bid356,Aurora2K,1-Alice,2-Bob
AllBallots,scanner1,bid357,Aurora2K,1-Alice,2-Bob
AllBallots,scanner1,bid358,Aurora2K,1-Alice,2-Bob
AllBallots,scanner1,bid359,Aurora2K,1-Alice,2-Bob
AllBallots,scanner1,bid360,Aurora2K,1-Alice,2-Bob
AllBallots,scanner1,bid361,Aurora2K,1-Alice,2-Bob
AllBallots,scanner1,bid362,Aurora2K,1-Alice,2-Bob
AllBallots,scanner1,bid363,Aurora2K,1-Alice,2-Bob
AllBallots,scanner1,bid364,Aurora2K,1-Alice,2-Bob
AllBallots,scanner1,bid365,Aurora2K,1-Alice,2-Bob
AllBallots,scanner1,bid366,Aurora2K,1-Alice,2-Bob
AllBallots,scanner1,bid367,Aurora2K,1-Alice,2-Bob
AllBallots,scanner1,bid368,Aurora2K,1-Alice,2-Bob
AllBallots,scanner1,bid369,Aurora2K,1-Alice,2-Bob
AllBallots,scanner1,bid370,Aurora2K,1-Alice,2-Bob
AllBallots,scanner1,bid371,Aurora2K,1-Alice,2-Bob
AllBallots,scanner1,bid372,Aurora2K,1-Alice,2-Bob
AllBallots,scanner1,bid373,Aurora2K,1-Alice,2-Bob
AllBallots,scanner1,bid374,Aurora2K,1-Alice,2-Bob
AllBallots,scanner1,bid375,Aurora2K,1-Alice,2-Bob
AllBallots,scanner1,bid376,Aurora2K,1-Alice,2-Bob
AllBallots,scanner1,bid377,Aurora2K,1-Alice,2-Bob
AllBallots,scanner1,bid378,Aurora2K,1-Alice,2-Bob
AllBallots,scanner1,bid379,Aurora2K,1-Alice,2-Bob
AllBallots,scanner1,bid380,Aurora2K,1-Alice,2-Bob
AllBallots,scanner1,bid381,Aurora2K,1-Alice,2-Bob
AllBallots,scanner1,bid382,Aurora2K,1-Alice,2-Bob
AllBallots,scanner1,bid383,Aurora2K,1-Alice,2-Bob
AllBallots,scanner1,bid384,Aurora2K,1-Alice,2-Bob
AllBallots,scanner1,bid385,Aurora2K,1-Alice,2-Bob
AllBallots,scanner1,bid386,Aurora2K,1-Alice,2-Bob
AllBallots,scanner1,bid387,Aurora2K,1-Alice,2-Bob
AllBallots,scanner1,bid388,Aurora2K,1-Alice,2-Bob
AllBallots,scanner1,bid389,Aurora2K,1-Alice,2-Bob
AllBallots,scanner1,bid390,Aurora2K,1-Alice,2-Bob
AllBallots,scanner1,bid391,Aurora2K,1-Alice,2-Bob
AllBallots,scanner1,bid392,Aurora2K,1-Alice,2-Bob
AllBallots,scanner1,bid393,Aurora2K,1-Alice,2-Bob
AllBallots,scanner1,bid394,Aurora2K,1-Alice,2-Bob
AllBallots,scanner1,bid395,Aurora2K,1-Alice,2-Bob
AllBallots,scanner1,bid396,Aurora2K,1-Alice,2-Bob
AllBallots,scanner1,bid397,Aurora2K,1-Alice,2-Bob
AllBallots,scanner1,bid398,Aurora2K,1-Alice,2-Bob
AllBallots,scanner1,bid399,Aurora2K,1-Alice,2-Bob
AllBallots,scanner1,bid400,Aurora2K,1-Alice,2-Bob
AllBallots,scanner1,bid401,Aurora2K,1-Alice,2-Bob
AllBallots,scanner1,bid402,Aurora2K,1-Alice,2-Bob
AllBallots,scanner1,bid403,Aurora2K,1-Alice,2-Bob
AllBallots,scanner1,bid404,Aurora2K,1-Alice,2-Bob
AllBallots,scanner1,bid405,Aurora2K,1-Alice,2-Bob
AllBallots,scanner1,bid406,Aurora2K,1-Alice,2-Bob
AllBallots,scanner1,bid407,Aurora2K,1-Alice,2-Bob
AllBallots,scanner1,bid408,Aurora2K,1-Alice,2-Bob
AllBallots,scanner1,bid409,Aurora2K,1-Alice,2-Bob
AllBallots,scanner1,bid410,Aurora2K,1-Alice,2-Bob
AllBallots,scanner1,bid411,Aurora2K,1-Alice,2-Bob
AllBallots,scanner1,bid412,Aurora2K,1-Alice,2-Bob
AllBallots,scanner1,bid413,Aurora2K,1-Alice,2-Bob
AllBallots,scanner1,bid414,Aurora2K,1-Alice,2-Bob
AllBallots,scanner1,bid415,Aurora2K,1-Alice,2-Bob
AllBallots,scanner1,bid416,Aurora2K,1-Alice,2-Bob
AllBallots,scanner1,bid417,Aurora2K,1-Alice,2-Bob
AllBallots,scanner1,bid418,Aurora2K,1-Alice,2-Bob
AllBallots,scanner1,bid419,Aurora2K,1-Alice,2-Bob
AllBallots,scanner1,bid420,Aurora2K,1-Alice,2-Bob
AllBallots,scanner1,bid421,Aurora2K,1-Alice,2-Bob
AllBallots,scanner1,bid422,Aurora2K,1-Alice,2-Bob
AllBallots,scanner1,bid423,Aurora2K,1-Alice,2-Bob
AllBallots,scanner1,bid424,Aurora2K,1-Alice,2-Bob
AllBallots,scanner1,bid425,Aurora2K,1-Alice,2-Bob
AllBallots,scanner1,bid426,Aurora2K,1-Alice,2-Bob
AllBallots,scanner1,bid427,Aurora2K,1-Alice,2-Bob
AllBallots,scanner1,bid428,Aurora2K,1-Alice,2-Bob
AllBallots,scanner1,bid429,Aurora2K,1-Alice,2-Bob
AllBallots,scanner1,bid430,Aurora2K,1-Alice,2-Bob
AllBallots,scanner1,bid431,Aurora2K,1-Alice,2-Bob
AllBallots,scanner1,bid432,Aurora2K,1-Alice,2-Bob
AllBallots,scanner1,bid433,Aurora2K,1-Alice,2-Bob
AllBallots,scanner1,bid434,Aurora2K,1-Alice,2-Bob
AllBallots,scanner1,bid435,Aurora2K,1-Alice,2-Bob
AllBallots,scanner1,bid436,Aurora2K,1-Alice,2-Bob
AllBallots,scanner1,bid437,Aurora2K,1-Alice,2-Bob
AllBallots,scanner1,bid438,Aurora2K,1-Alice,2-Bob
AllBallots,scanner1,bid439,Aurora2K,1-Alice,2-Bob
AllBallots,scanner1,bid440,Aurora2K,1-Alice,2-Bob
AllBallots,scanner1,bid441,Aurora2K,1-Alice,2-Bob
AllBallots,scanner1,bid442,Aurora2K,1-Alice,2-Bob
AllBallots,scanner1,bid443,Aurora2K,1-Alice,2-Bob
AllBallots,scanner1,bid444,Aurora2K,1-Alice,2-Bob
AllBallots,scanner1,bid445,Aurora2K,1-Alice,2-Bob
AllBallots,scanner1,bid446,Aurora2K,1-Alice,2-Bob
AllBallots,scanner1,bid447,Aurora2K,1-Alice,2-Bob
AllBallots,scanner1,bid448,Aurora2K,1-Alice,2-Bob
AllBallots,scanner1,bid449,Aurora2K,1-Alice,2-Bob
AllBallots,scanner1,bid450,Aurora2K,1-Alice,2-Bob
AllBallots,scanner1,bid451,Aurora2K,1-Alice,2-Bob
AllBallots,scanner1,bid452,Aurora2K,1-Alice,2-Bob
AllBallots,scanner1,bid453,Aurora2K,1-Alice,2-Bob
AllBallots,scanner1,bid454,Aurora2K,1-Alice,2-Bob
AllBallots,scanner1,bid455,Aurora2K,1-Alice,2-Bob
AllBallots,scanner1,bid456,Aurora2K,1-Alice,2-Bob
AllBallots,scanner1,bid457,Aurora2K,1-Alice,2-Bob
AllBallots,scanner1,bid458,Aurora2K,1-Alice,2-Bob
AllBallots,scanner1,bid459,Aurora2K,1-Alice,2-Bob
AllBallots,scanner1,bid460,Aurora2K,1-Alice,2-Bob
AllBallots,scanner1,bid461,Aurora2K,1-Alice,2-Bob
AllBallots,scanner1,bid462,Aurora2K,1-Alice,2-Bob
AllBallots,scanner1,bid463,Aurora2K,1-Alice,2-Bob
AllBallots,scanner1,bid464,Aurora2K,1-Alice,2-Bob
AllBallots,scanner1,bid465,Aurora2K,1-Alice,2-Bob
AllBallots,scanner1,bid466,Aurora2K,1-Alice,2-Bob
AllBallots,scanner1,bid467,Aurora2K,1-Alice,2-Bob
AllBallots,scanner1,bid468,Aurora2K,1-Alice,2-Bob
AllBallots,scanner1,bid469,Aurora2K,1-Alice,2-Bob
AllBallots,scanner1,bid470,Aurora2K,1-Alice,2-Bob
AllBallots,scanner1,bid471,Aurora2K,1-Alice,2-Bob
AllBallots,scanner1,bid472,Aurora2K,1-Alice,2-Bob
AllBallots,scanner1,bid473,Aurora2K,1-Alice,2-Bob
AllBallots,scanner1,bid474,Aurora2K,1-Alice,2-Bob
AllBallots,scanner1,bid475,Aurora2K,1-Alice,2-Bob
AllBallots,scanner1,bid476,Aurora2K,1-Alice,2-Bob
AllBallots,scanner1,bid477,Aurora2K,1-Alice,2-Bob
AllBallots,scanner1,bid478,Aurora2K,1-Alice,2-Bob
AllBallots,scanner1,bid479,Aurora2K,1-Alice,2-Bob
AllBallots,scanner1,bid480,Aurora2K,1-Alice,2-Bob
AllBallots,scanner1,bid481,Aurora2K,1-Alice,2-Bob
AllBallots,scanner1,bid482,Aurora2K,1-Alice,2-Bob
AllBallots,scanner1,bid483,Aurora2K,1-Alice,2-Bob
AllBallots,scanner1,bid484,Aurora2K,1-Alice,2-Bob
AllBallots,scanner1,bid485,Aurora2K,1-Alice,2-Bob
AllBallots,scanner1,bid486,Aurora2K,1-Alice,2-Bob
AllBallots,scanner1,bid487,Aurora2K,1-Alice,2-Bob
AllBallots,scanner1,bid488,Aurora2K,1-Alice,2-Bob
AllBallots,scanner1,bid489,Aurora2K,1-Alice,2-Bob
AllBallots,scanner1,bid490,Aurora2K,1-Alice,2-Bob
AllBallots,scanner1,bid491,Aurora2K,1-Alice,2-Bob
AllBallots,scanner1,bid492,Aurora2K,1-Alice,2-Bob
AllBallots,scanner1,bid493,Aurora2K,1-Alice,2-Bob
AllBallots,scanner1,bid494,Aurora2K,1-Alice,2-Bob
AllBallots,scanner1,bid495,Aurora2K,1-Alice,2-Bob
AllBallots,scanner1,bid496,Aurora2K,1-Alice,2-Bob
AllBallots,scanner1,bid497,Aurora2K,1-Alice,2-Bob
AllBallots,scanner1,bid498,Aurora2K,1-Alice,2-Bob
AllBallots,scanner1,bid499,Aurora2K,1-Alice,2-Bob
AllBallots,scanner1,bid500,Aurora2K,1-Alice,2-Bob
AllBallots,scanner1,bid501,Aurora2K,1-Alice,2-Bob
AllBallots,scanner1,bid502,Aurora2K,1-Alice,2-Bob
AllBallots,scanner1,bid503,Aurora2K,1-Alice,2-Bob
AllBallots,scanner1,bid504,Aurora2K,1-Alice,2-Bob
AllBallots,scanner1,bid505,Aurora2K,1-Alice,2-Bob
AllBallots,scanner1,bid506,Aurora2K,1-Alice,2-Bob
AllBallots,scanner1,bid507,Aurora2K,1-Alice,2-Bob
AllBallots,scanner1,bid508,Aurora2K,1-Alice,2-Bob
AllBallots,scanner1,bid509,Aurora2K,1-Alice,2-Bob
AllBallots,scanner1,bid510,Aurora2K,1-Alice,2-Bob
AllBallots,scanner1,bid511,Aurora2K,1-Alice,2-Bob
AllBallots,scanner1,bid512,Aurora2K,1-Alice,2-Bob
AllBallots,scanner1,bid513,Aurora2K,1-Alice,2-Bob
AllBallots,scanner1,bid514,Aurora2K,1-Alice,2-Bob
AllBallots,scanner1,bid515,Aurora2K,1-Alice,2-Bob
AllBallots,scanner1,bid516,Aurora2K,1-Alice,2-Bob
AllBallots,scanner1,bid517,Aurora2K,1-Alice,2-Bob
AllBallots,scanner1,bid518,Aurora2K,1-Alice,2-Bob
AllBallots,scanner1,bid519,Aurora2K,1-Alice,2-Bob
AllBallots,scanner1,bid520,Aurora2K,1-Alice,2-Bob
AllBallots,scanner1,bid521,Aurora2K,1-Alice,2-Bob
AllBallots,scanner1,bid522,Aurora2K,1-Alice,2-Bob
AllBallots,scanner1,bid523,Aurora2K,1-Alice,2-Bob
AllBallots,scanner1,bid524,Aurora2K,1-Alice,2-Bob
AllBallots,scanner1,bid525,Aurora2K,1-Alice,2-Bob
AllBallots,scanner1,bid526,Aurora2K,1-Alice,2-Bob
AllBallots,scanner1,bid527,Aurora2K,1-Alice,2-Bob
AllBallots,scanner1,bid528,Aurora2K,1-Alice,2-Bob
AllBallots,scanner1,bid529,Aurora2K,1-Alice,2-Bob
AllBallots,scanner1,bid530,Aurora2K,1-Alice,2-Bob
AllBallots,scanner1,bid531,Aurora2K,1-Alice,2-Bob
AllBallots,scanner1,bid532,Aurora2K,1-Alice,2-Bob
AllBallots,scanner1,bid533,Aurora2K,1-Alice,2-Bob
AllBallots,scanner1,bid534,Aurora2K,1-Alice,2-Bob
AllBallots,scanner1,bid535,Aurora2K,1-Alice,2-Bob
AllBallots,scanner1,bid536,Aurora2K,1-Alice,2-Bob
AllBallots,scanner1,bid537,Aurora2K,1-Alice,2-Bob
AllBallots,scanner1,bid538,Aurora2K,1-Alice,2-Bob
AllBallots,scanner1,bid539,Aurora2K,1-Alice,2-Bob
AllBallots,scanner1,bid540,Aurora2K,1-Alice,2-Bob
AllBallots,scanner1,bid541,Aurora2K,1-Alice,2-Bob
AllBallots,scanner1,bid542,Aurora2K,1-Alice,2-Bob
AllBallots,scanner1,bid543,Aurora2K,1-Alice,2-Bob
AllBallots,scanner1,bid544,Aurora2K,1-Alice,2-Bob
AllBallots,scanner1,bid545,Aurora2K,1-Alice,2-Bob
AllBallots,scanner1,bid546,Aurora2K,1-Alice,2-Bob
AllBallots,scanner1,bid547,Aurora2K,1-Alice,2-Bob
AllBallots,scanner1,bid548,Aurora2K,1-Alice,2-Bob
AllBallots,scanner1,bid549,Aurora2K,1-Alice,2-Bob
AllBallots,scanner1,bid550,Aurora2K,1-Alice,2-Bob
AllBallots,scanner1,bid551,Aurora2K,1-Alice,2-Bob
AllBallots,scanner1,bid552,Aurora2K,1-Alice,2-Bob
AllBallots,scanner1,bid553,Aurora2K,1-Alice,2-Bob
AllBallots,scanner1,bid554,Aurora2K,1-Alice,2-Bob
AllBallots,scanner1,bid555,Aurora2K,1-Alice,2-Bob
AllBallots,scanner1,bid556,Aurora2K,1-Alice,2-Bob
AllBallots,scanner1,bid557,Aurora2K,1-Alice,2-Bob
AllBallots,scanner1,bid558,Aurora2K,1-Alice,2-Bob
AllBallots,scanner1,bid559,Aurora2K,1-Alice,2-Bob
AllBallots,scanner1,bid560,Aurora2K,1-Alice,2-Bob
AllBallots,scanner1,bid561,Aurora2K,1-Alice,2-Bob
AllBallots,scanner1,bid562,Aurora2K,1-Alice,2-Bob
AllBallots,scanner1,bid563,Aurora2K,1-Alice,2-Bob
AllBallots,scanner1,bid564,Aurora2K,1-Alice,2-Bob
AllBallots,scanner1,bid565,Aurora2K,1-Alice,2-Bob
AllBallots,scanner1,bid566,Aurora2K,1-Alice,2-Bob
AllBallots,scanner1,bid567,Aurora2K,1-Alice,2-Bob
AllBallots,scanner1,bid568,Aurora2K,1-Alice,2-Bob
AllBallots,scanner1,bid569,Aurora2K,1-Alice,2-Bob
AllBallots,scanner1,bid570,Aurora2K,1-Alice,2-Bob
AllBallots,scanner1,bid571,Aurora2K,1-Alice,2-Bob
AllBallots,scanner1,bid572,Aurora2K,1-Alice,2-Bob
AllBallots,scanner1,bid573,Aurora2K,1-Alice,2-Bob
AllBallots,scanner1,bid574,Aurora2K,1-Alice,2-Bob
AllBallots,scanner1,bid575,Aurora2K,1-Alice,2-Bob
AllBallots,scanner1,bid576,Aurora2K,1-Alice,2-Bob
AllBallots,scanner1,bid577,Aurora2K,1-Alice,2-Bob
AllBallots,scanner1,bid578,Aurora2K,1-Alice,2-Bob
AllBallots,scanner1,bid579,Aurora2K,1-Alice,2-Bob
AllBallots,scanner1,bid580,Aurora2K,1-Alice,2-Bob
AllBallots,scanner1,bid581,Aurora2K,1-Alice,2-Bob
AllBallots,scanner1,bid582,Aurora2K,1-Alice,2-Bob
AllBallots,scanner1,bid583,Aurora2K,1-Alice,2-Bob
AllBallots,scanner1,bid584,Aurora2K,1-Alice,2-Bob
AllBallots,scanner1,bid585,Aurora2K,1-Alice,2-Bob
AllBallots,scanner1,bid586,Aurora2K,1-Alice,2-Bob
AllBallots,scanner1,bid587,Aurora2K,1-Alice,2-Bob
AllBallots,scanner1,bid588,Aurora2K,1-Alice,2-Bob
AllBallots,scanner1,bid589,Aurora2K,1-Alice,2-Bob
AllBallots,scanner1,bid590,Aurora2K,1-Alice,2-Bob
AllBallots,scanner1,bid591,Aurora2K,1-Alice,2-Bob
AllBallots,scanner1,bid592,Aurora2K,1-Alice,2-Bob
AllBallots,scanner1,bid593,Aurora2K,1-Alice,2-Bob
AllBallots,scanner1,bid594,Aurora2K,1-Alice,2-Bob
AllBallots,scanner1,bid595,Aurora2K,1-Alice,2-Bob
AllBallots,scanner1,bid596,Aurora2K,1-Alice,2-Bob
AllBallots,scanner1,bid597,Aurora2K,1-Alice,2-Bob
AllBallots,scanner1,bid598,Aurora2K,1-Alice,2-Bob
AllBallots,scanner1,bid599,Aurora2K,1-Alice,2-Bob
AllBallots,scanner1,bid600,Aurora2K,1-Alice,2-Bob
AllBallots,scanner1,bid601,Aurora2K,1-Alice,2-Bob
AllBallots,scanner1,bid602,Aurora2K,1-Alice,2-Bob
AllBallots,scanner1,bid603,Aurora2K,1-Alice,2-Bob
AllBallots,scanner1,bid604,Aurora2K,1-Alice,2-Bob
AllBallots,scanner1,bid605,Aurora2K,1-Alice,2-Bob
AllBallots,scanner1,bid606,Aurora2K,1-Alice,2-Bob
AllBallots,scanner1,bid607,Aurora2K,1-Alice,2-Bob
AllBallots,scanner1,bid608,Aurora2K,1-Alice,2-Bob
AllBallots,scanner1,bid609,Aurora2K,1-Alice,2-Bob
AllBallots,scanner1,bid610,Aurora2K,1-Alice,2-Bob
AllBallots,scanner1,bid611,Aurora2K,1-Alice,2-Bob
AllBallots,scanner1,bid612,Aurora2K,1-Alice,2-Bob
AllBallots,scanner1,bid613,Aurora2K,1-Alice,2-Bob
AllBallots,scanner1,bid614,Aurora2K,1-Alice,2-Bob
AllBallots,scanner1,bid615,Aurora2K,1-Alice,2-Bob
AllBallots,scanner1,bid616,Aurora2K,1-Alice,2-Bob
AllBallots,scanner1,bid617,Aurora2K,1-Alice,2-Bob
AllBallots,scanner1,bid618,Aurora2K,1-Alice,2-Bob
AllBallots,scanner1,bid619,Aurora2K,1-Alice,2-Bob
AllBallots,scanner1,bid620,Aurora2K,1-Alice,2-Bob
AllBallots,scanner1,bid621,Aurora2K,1-Alice,2-Bob
AllBallots,scanner1,bid622,Aurora2K,1-Alice,2-Bob
AllBallots,scanner1,bid623,Aurora2K,1-Alice,2-Bob
AllBallots,scanner1,bid624,Aurora2K,1-Alice,2-Bob
AllBallots,scanner1,bid625,Aurora2K,1-Alice,2-Bob
AllBallots,scanner1,bid626,Aurora2K,1-Alice,2-Bob
AllBallots,scanner1,bid627,Aurora2K,1-Alice,2-Bob
AllBallots,scanner1,bid628,Aurora2K,1-Alice,2-Bob
AllBallots,scanner1,bid629,Aurora2K,1-Alice,2-Bob
AllBallots,scanner1,bid630,Aurora2K,1-Alice,2-Bob
AllBallots,scanner1,bid631,Aurora2K,1-Alice,2-Bob
AllBallots,scanner1,bid632,Aurora2K,1-Alice,2-Bob
AllBallots,scanner1,bid633,Aurora2K,1-Alice,2-Bob
AllBallots,scanner1,bid634,Aurora2K,1-Alice,2-Bob
AllBallots,scanner1,bid635,Aurora2K,1-Alice,2-Bob
AllBallots,scanner1,bid636,Aurora2K,1-Alice,2-Bob
AllBallots,scanner1,bid637,Aurora2K,1-Alice,2-Bob
AllBallots,scanner1,bid638,Aurora2K,1-Alice,2-Bob
AllBallots,scanner1,bid639,Aurora2K,1-Alice,2-Bob
AllBallots,scanner1,bid640,Aurora2K,1-Alice,2-Bob
AllBallots,scanner1,bid641,Aurora2K,1-Alice,2-Bob
AllBallots,scanner1,bid642,Aurora2K,1-Alice,2-Bob
AllBallots,scanner1,bid643,Aurora2K,1-Alice,2-Bob
AllBallots,scanner1,bid644,Aurora2K,1-Alice,2-Bob
AllBallots,scanner1,bid645,Aurora2K,1-Alice,2-Bob
AllBallots,scanner1,bid646,Aurora2K,1-Alice,2-Bob
AllBallots,scanner1,bid647,Aurora2K,1-Alice,2-Bob
AllBallots,scanner1,bid648,Aurora2K,1-Alice,2-Bob
AllBallots,scanner1,bid649,Aurora2K,1-Alice,2-Bob
AllBallots,scanner1,bid650,Aurora2K,1-Alice,2-Bob
AllBallots,scanner1,bid651,Aurora2K,1-Alice,2-Bob
AllBallots,scanner1,bid652,Aurora2K,1-Alice,2-Bob
AllBallots,scanner1,bid653,Aurora2K,1-Alice,2-Bob
AllBallots,scanner1,bid654,Aurora2K,1-Alice,2-Bob
AllBallots,scanner1,bid655,Aurora2K,1-Alice,2-Bob
AllBallots,scanner1,bid656,Aurora2K,1-Alice,2-Bob
AllBallots,scanner1,bid657,Aurora2K,1-Alice,2-Bob
AllBallots,scanner1,bid658,Aurora2K,1-Alice,2-Bob
AllBallots,scanner1,bid659,Aurora2K,1-Alice,2-Bob
AllBallots,scanner1,bid660,Aurora2K,1-Alice,2-Bob
AllBallots,scanner1,bid661,Aurora2K,1-Alice,2-Bob
AllBallots,scanner1,bid662,Aurora2K,1-Alice,2-Bob
AllBallots,scanner1,bid663,Aurora2K,1-Alice,2-Bob
AllBallots,scanner1,bid664,Aurora2K,1-Alice,2-Bob
AllBallots,scanner1,bid665,Aurora2K,1-Alice,2-Bob
AllBallots,scanner1,bid666,Aurora2K,1-Alice,2-Bob
AllBallots,scanner1,bid667,Aurora2K,1-Alice,2-Bob
AllBallots,scanner1,bid668,Aurora2K,1-Alice,2-Bob
AllBallots,scanner1,bid669,Aurora2K,1-Alice,2-Bob
AllBallots,scanner1,bid670,Aurora2K,1-Alice,2-Bob
AllBallots,scanner1,bid671,Aurora2K,1-Alice,2-Bob
AllBallots,scanner1,bid672,Aurora2K,1-Alice,2-Bob
AllBallots,scanner1,bid673,Aurora2K,1-Alice,2-Bob
AllBallots,scanner1,bid674,Aurora2K,1-Alice,2-Bob
AllBallots,scanner1,bid675,Aurora2K,1-Alice,2-Bob
AllBallots,scanner1,bid676,Aurora2K,1-Alice,2-Bob
AllBallots,scanner1,bid677,Aurora2K,1-Alice,2-Bob
AllBallots,scanner1,bid678,Aurora2K,1-Alice,2-Bob
AllBallots,scanner1,bid679,Aurora2K,1-Alice,2-Bob
AllBallots,scanner1,bid680,Aurora2K,1-Alice,2-Bob
AllBallots,scanner1,bid681,Aurora2K,1-Alice,2-Bob
AllBallots,scanner1,bid682,Aurora2K,1-Alice,2-Bob
AllBallots,scanner1,bid683,Aurora2K,1-Alice,2-Bob
AllBallots,scanner1,bid684,Aurora2K,1-Alice,2-Bob
AllBallots,scanner1,bid685,Aurora2K,1-Alice,2-Bob
AllBallots,scanner1,bid686,Aurora2K,1-Alice,2-Bob
AllBallots,scanner1,bid687,Aurora2K,1-Alice,2-Bob
AllBallots,scanner1,bid688,Aurora2K,1-Alice,2-Bob
AllBallots,scanner1,bid689,Aurora2K,1-Alice,2-Bob
AllBallots,scanner1,bid690,Aurora2K,1-Alice,2-Bob
AllBallots,scanner1,bid691,Aurora2K,1-Alice,2-Bob
AllBallots,scanner1,bid692,Aurora2K,1-Alice,2-Bob
AllBallots,scanner1,bid693,Aurora2K,1-Alice,2-Bob
AllBallots,scanner1,bid694,Aurora2K,1-Alice,2-Bob
AllBallots,scanner1,bid695,Aurora2K,1-Alice,2-Bob
AllBallots,scanner1,bid696,Aurora2K,1-Alice,2-Bob
AllBallots,scanner1,bid697,Aurora2K,1-Alice,2-Bob
AllBallots,scanner1,bid698,Aurora2K,1-Alice,2-Bob
AllBallots,scanner1,bid699,Aurora2K,1-Alice,2-Bob
AllBallots,scanner1,bid700,Aurora2K,1-Alice,2-Bob
AllBallots,scanner1,bid701,Aurora2K,1-Alice,2-Bob
AllBallots,scanner1,bid702,Aurora2K,1-Alice,2-Bob
AllBallots,scanner1,bid703,Aurora2K,1-Alice,2-Bob
AllBallots,scanner1,bid704,Aurora2K,1-Alice,2-Bob
AllBallots,scanner1,bid705,Aurora2K,1-Alice,2-Bob
AllBallots,scanner1,bid706,Aurora2K,1-Alice,2-Bob
AllBallots,scanner1,bid707,Aurora2K,1-Alice,2-Bob
AllBallots,scanner1,bid708,Aurora2K,1-Alice,2-Bob
AllBallots,scanner1,bid709,Aurora2K,1-Alice,2-Bob
AllBallots,scanner1,bid710,Aurora2K,1-Alice,2-Bob
AllBallots,scanner1,bid711,Aurora2K,1-Alice,2-Bob
AllBallots,scanner1,bid712,Aurora2K,1-Alice,2-Bob
AllBallots,scanner1,bid713,Aurora2K,1-Alice,2-Bob
AllBallots,scanner1,bid714,Aurora2K,1-Alice,2-Bob
AllBallots,scanner1,bid715,Aurora2K,1-Alice,2-Bob
AllBallots,scanner1,bid716,Aurora2K,1-Alice,2-Bob
AllBallots,scanner1,bid717,Aurora2K,1-Alice,2-Bob
AllBallots,scanner1,bid718,Aurora2K,1-Alice,2-Bob
AllBallots,scanner1,bid719,Aurora2K,1-Alice,2-Bob
AllBallots,scanner1,bid720,Aurora2K,1-Alice,2-Bob
AllBallots,scanner1,bid721,Aurora2K,1-Alice,2-Bob
AllBallots,scanner1,bid722,Aurora2K,1-Alice,2-Bob
AllBallots,scanner1,bid723,Aurora2K,1-Alice,2-Bob
AllBallots,scanner1,bid724,Aurora2K,1-Alice,2-Bob
AllBallots,scanner1,bid725,Aurora2K,1-Alice,2-Bob
AllBallots,scanner1,bid726,Aurora2K,1-Alice,2-Bob
AllBallots,scanner1,bid727,Aurora2K,1-Alice,2-Bob
AllBallots,scanner1,bid728,Aurora2K,1-Alice,2-Bob
AllBallots,scanner1,bid729,Aurora2K,1-Alice,2-Bob
AllBallots,scanner1,bid730,Aurora2K,1-Alice,2-Bob
AllBallots,scanner1,bid731,Aurora2K,1-Alice,2-Bob
AllBallots,scanner1,bid732,Aurora2K,1-Alice,2-Bob
AllBallots,scanner1,bid733,Aurora2K,1-Alice,2-Bob
AllBallots,scanner1,bid734,Aurora2K,1-Alice,2-Bob
AllBallots,scanner1,bid735,Aurora2K,1-Alice,2-Bob
AllBallots,scanner1,bid736,Aurora2K,1-Alice,2-Bob
AllBallots,scanner1,bid737,Aurora2K,1-Alice,2-Bob
AllBallots,scanner1,bid738,Aurora2K,1-Alice,2-Bob
AllBallots,scanner1,bid739,Aurora2K,1-Alice,2-Bob
AllBallots,scanner1,bid740,Aurora2K,1-Alice,2-Bob
AllBallots,scanner1,bid741,Aurora2K,1-Alice,2-Bob
AllBallots,scanner1,bid742,Aurora2K,1-Alice,2-Bob
AllBallots,scanner1,bid743,Aurora2K,1-Alice,2-Bob
AllBallots,scanner1,bid744,Aurora2K,1-Alice,2-Bob
AllBallots,scanner1,bid745,Aurora2K,1-Alice,2-Bob
AllBallots,scanner1,bid746,Aurora2K,1-Alice,2-Bob
AllBallots,scanner1,bid747,Aurora2K,1-Alice,2-Bob
AllBallots,scanner1,bid748,Aurora2K,1-Alice,2-Bob
AllBallots,scanner1,bid749,Aurora2K,1-Alice,2-Bob
AllBallots,scanner1,bid750,Aurora2K,1-Alice,2-Bob
AllBallots,scanner1,bid751,Aurora2K,1-Alice,2-Bob
AllBallots,scanner1,bid752,Aurora2K,1-Alice,2-Bob
AllBallots,scanner1,bid753,Aurora2K,1-Alice,2-Bob
AllBallots,scanner1,bid754,Aurora2K,1-Alice,2-Bob
AllBallots,scanner1,bid755,Aurora2K,1-Alice,2-Bob
AllBallots,scanner1,bid756,Aurora2K,1-Alice,2-Bob
AllBallots,scanner1,bid757,Aurora2K,1-Alice,2-Bob
AllBallots,scanner1,bid758,Aurora2K,1-Alice,2-Bob
AllBallots,scanner1,bid759,Aurora2K,1-Alice,2-Bob
AllBallots,scanner1,bid760,Aurora2K,1-Alice,2-Bob
AllBallots,scanner1,bid761,Aurora2K,1-Alice,2-Bob
AllBallots,scanner1,bid762,Aurora2K,1-Alice,2-Bob
AllBallots,scanner1,bid763,Aurora2K,1-Alice,2-Bob
AllBallots,scanner1,bid764,Aurora2K,1-Alice,2-Bob
AllBallots,scanner1,bid765,Aurora2K,1-Alice,2-Bob
AllBallots,scanner1,bid766,Aurora2K,1-Alice,2-Bob
AllBallots,scanner1,bid767,Aurora2K,1-Alice,2-Bob
AllBallots,scanner1,bid768,Aurora2K,1-Alice,2-Bob
AllBallots,scanner1,bid769,Aurora2K,1-Alice,2-Bob
AllBallots,scanner1,bid770,Aurora2K,1-Alice,2-Bob
AllBallots,scanner1,bid771,Aurora2K,1-Alice,2-Bob
AllBallots,scanner1,bid772,Aurora2K,1-Alice,2-Bob
AllBallots,scanner1,bid773,Aurora2K,1-Alice,2-Bob
AllBallots,scanner1,bid774,Aurora2K,1-Alice,2-Bob
AllBallots,scanner1,bid775,Aurora2K,1-Alice,2-Bob
AllBallots,scanner1,bid776,Aurora2K,1-Alice,2-Bob
AllBallots,scanner1,bid777,Aurora2K,1-Alice,2-Bob
AllBallots,scanner1,bid778,Aurora2K,1-Alice,2-Bob
AllBallots,scanner1,bid779,Aurora2K,1-Alice,2-Bob
AllBallots,scanner1,bid780,Aurora2K,1-Alice,2-Bob
AllBallots,scanner1,bid781,Aurora2K,1-Alice,2-Bob
AllBallots,scanner1,bid782,Aurora2K,1-Alice,2-Bob
AllBallots,scanner1,bid783,Aurora2K,1-Alice,2-Bob
AllBallots,scanner1,bid784,Aurora2K,1-Alice,2-Bob
AllBallots,scanner1,bid785,Aurora2K,1-Alice,2-Bob
AllBallots,scanner1,bid786,Aurora2K,1-Alice,2-Bob
AllBallots,scanner1,bid787,Aurora2K,1-Alice,2-Bob
AllBallots,scanner1,bid788,Aurora2K,1-Alice,2-Bob
AllBallots,scanner1,bid789,Aurora2K,1-Alice,2-Bob
AllBallots,scanner1,bid790,Aurora2K,1-Alice,2-Bob
AllBallots,scanner1,bid791,Aurora2K,1-Alice,2-Bob
AllBallots,scanner1,bid792,Aurora2K,1-Alice,2-Bob
AllBallots,scanner1,bid793,Aurora2K,1-Alice,2-Bob
AllBallots,scanner1,bid794,Aurora2K,1-Alice,2-Bob
AllBallots,scanner1,bid795,Aurora2K,1-Alice,2-Bob
AllBallots,scanner1,bid796,Aurora2K,1-Alice,2-Bob
AllBallots,scanner1,bid797,Aurora2K,1-Alice,2-Bob
AllBallots,scanner1,bid798,Aurora2K,1-Alice,2-Bob
AllBallots,scanner1,bid799,Aurora2K,1-Alice,2-Bob
AllBallots,scanner1,bid800,Aurora2K,1-Alice,2-Bob
AllBallots,scanner1,bid801,Aurora2K,1-Alice,2-Bob
AllBallots,scanner1,bid802,Aurora2K,1-Alice,2-Bob
AllBallots,scanner1,bid803,Aurora2K,1-Alice,2-Bob
AllBallots,scanner1,bid804,Aurora2K,1-Alice,2-Bob
AllBallots,scanner1,bid805,Aurora2K,1-Alice,2-Bob
AllBallots,scanner1,bid806,Aurora2K,1-Alice,2-Bob
AllBallots,scanner1,bid807,Aurora2K,1-Alice,2-Bob
AllBallots,scanner1,bid808,Aurora2K,1-Alice,2-Bob
AllBallots,scanner1,bid809,Aurora2K,1-Alice,2-Bob
AllBallots,scanner1,bid810,Aurora2K,1-Alice,2-Bob
AllBallots,scanner1,bid811,Aurora2K,1-Alice,2-Bob
AllBallots,scanner1,bid812,Aurora2K,1-Alice,2-Bob
AllBallots,scanner1,bid813,Aurora2K,1-Alice,2-Bob
AllBallots,scanner1,bid814,Aurora2K,1-Alice,2-Bob
AllBallots,scanner1,bid815,Aurora2K,1-Alice,2-Bob
AllBallots,scanner1,bid816,Aurora2K,1-Alice,2-Bob
AllBallots,scanner1,bid817,Aurora2K,1-Alice,2-Bob
AllBallots,scanner1,bid818,Aurora2K,1-Alice,2-Bob
AllBallots,scanner1,bid819,Aurora2K,1-Alice,2-Bob
AllBallots,scanner1,bid820,Aurora2K,1-Alice,2-Bob
AllBallots,scanner1,bid821,Aurora2K,1-Alice,2-Bob
AllBallots,scanner1,bid822,Aurora2K,1-Alice,2-Bob
AllBallots,scanner1,bid823,Aurora2K,1-Alice,2-Bob
AllBallots,scanner1,bid824,Aurora2K,1-Alice,2-Bob
AllBallots,scanner1,bid825,Aurora2K,1-Alice,2-Bob
AllBallots,scanner1,bid826,Aurora2K,1-Alice,2-Bob
AllBallots,scanner1,bid827,Aurora2K,1-Alice,2-Bob
AllBallots,scanner1,bid828,Aurora2K,1-Alice,2-Bob
AllBallots,scanner1,bid829,Aurora2K,1-Alice,2-Bob
AllBallots,scanner1,bid830,Aurora2K,1-Alice,2-Bob
AllBallots,scanner1,bid831,Aurora2K,1-Alice,2-Bob
AllBallots,scanner1,bid832,Aurora2K,1-Alice,2-Bob
AllBallots,scanner1,bid833,Aurora2K,1-Alice,2-Bob
AllBallots,scanner1,bid834,Aurora2K,1-Alice,2-Bob
AllBallots,scanner1,bid835,Aurora2K,1-Alice,2-Bob
AllBallots,scanner1,bid836,Aurora2K,1-Alice,2-Bob
AllBallots,scanner1,bid837,Aurora2K,1-Alice,2-Bob
AllBallots,scanner1,bid838,Aurora2K,1-Alice,2-Bob
AllBallots,scanner1,bid839,Aurora2K,1-Alice,2-Bob
AllBallots,scanner1,bid840,Aurora2K,1-Alice,2-Bob
AllBallots,scanner1,bid841,Aurora2K,1-Alice,2-Bob
AllBallots,scanner1,bid842,Aurora2K,1-Alice,2-Bob
AllBallots,scanner1,bid843,Aurora2K,1-Alice,2-Bob
AllBallots,scanner1,bid844,Aurora2K,1-Alice,2-Bob
AllBallots,scanner1,bid845,Aurora2K,1-Alice,2-Bob
AllBallots,scanner1,bid846,Aurora2K,1-Alice,2-Bob
AllBallots,scanner1,bid847,Aurora2K,1-Alice,2-Bob
AllBallots,scanner1,bid848,Aurora2K,1-Alice,2-Bob
AllBallots,scanner1,bid849,Aurora2K,1-Alice,2-Bob
AllBallots,scanner1,bid850,Aurora2K,1-Alice,2-Bob
AllBallots,scanner1,bid851,Aurora2K,1-Alice,2-Bob
AllBallots,scanner1,bid852,Aurora2K,1-Alice,2-Bob
AllBallots,scanner1,bid853,Aurora2K,1-Alice,2-Bob
AllBallots,scanner1,bid854,Aurora2K,1-Alice,2-Bob
AllBallots,scanner1,bid855,Aurora2K,1-Alice,2-Bob
AllBallots,scanner1,bid856,Aurora2K,1-Alice,2-Bob
AllBallots,scanner1,bid857,Aurora2K,1-Alice,2-Bob
AllBallots,scanner1,bid858,Aurora2K,1-Alice,2-Bob
AllBallots,scanner1,bid859,Aurora2K,1-Alice,2-Bob
AllBallots,scanner1,bid860,Aurora2K,1-Alice,2-Bob
AllBallots,scanner1,bid861,Aurora2K,1-Alice,2-Bob
AllBallots,scanner1,bid862,Aurora2K,1-Alice,2-Bob
AllBallots,scanner1,bid863,Aurora2K,1-Alice,2-Bob
AllBallots,scanner1,bid864,Aurora2K,1-Alice,2-Bob
AllBallots,scanner1,bid865,Aurora2K,1-Alice,2-Bob
AllBallots,scanner1,bid866,Aurora2K,1-Alice,2-Bob
AllBallots,scanner1,bid867,Aurora2K,1-Alice,2-Bob
AllBallots,scanner1,bid868,Aurora2K,1-Alice,2-Bob
AllBallots,scanner1,bid869,Aurora2K,1-Alice,2-Bob
AllBallots,scanner1,bid870,Aurora2K,1-Alice,2-Bob
AllBallots,scanner1,bid871,Aurora2K,1-Alice,2-Bob
AllBallots,scanner1,bid872,Aurora2K,1-Alice,2-Bob
AllBallots,scanner1,bid873,Aurora2K,1-Alice,2-Bob
AllBallots,scanner1,bid874,Aurora2K,1-Alice,2-Bob
AllBallots,scanner1,bid875,Aurora2K,1-Alice,2-Bob
AllBallots,scanner1,bid876,Aurora2K,1-Alice,2-Bob
AllBallots,scanner1,bid877,Aurora2K,1-Alice,2-Bob
AllBallots,scanner1,bid878,Aurora2K,1-Alice,2-Bob
AllBallots,scanner1,bid879,Aurora2K,1-Alice,2-Bob
AllBallots,scanner1,bid880,Aurora2K,1-Alice,2-Bob
AllBallots,scanner1,bid881,Aurora2K,1-Alice,2-Bob
AllBallots,scanner1,bid882,Aurora2K,1-Alice,2-Bob
AllBallots,scanner1,bid883,Aurora2K,1-Alice,2-Bob
AllBallots,scanner1,bid884,Aurora2K,1-Alice,2-Bob
AllBallots,scanner1,bid885,Aurora2K,1-Alice,2-Bob
AllBallots,scanner1,bid886,Aurora2K,1-Alice,2-Bob
AllBallots,scanner1,bid887,Aurora2K,1-Alice,2-Bob
AllBallots,scanner1,bid888,Aurora2K,1-Alice,2-Bob
AllBallots,scanner1,bid889,Aurora2K,1-Alice,2-Bob
AllBallots,scanner1,bid890,Aurora2K,1-Alice,2-Bob
AllBallots,scanner1,bid891,Aurora2K,1-Alice,2-Bob
AllBallots,scanner1,bid892,Aurora2K,1-Alice,2-Bob
AllBallots,scanner1,bid893,Aurora2K,1-Alice,2-Bob
AllBallots,scanner1,bid894,Aurora2K,1-Alice,2-Bob
AllBallots,scanner1,bid895,Aurora2K,1-Alice,2-Bob
AllBallots,scanner1,bid896,Aurora2K,1-Alice,2-Bob
AllBallots,scanner1,bid897,Aurora2K,1-Alice,2-Bob
AllBallots,scanner1,bid898,Aurora2K,1-Alice,2-Bob
AllBallots,scanner1,bid899,Aurora2K,1-Alice,2-Bob
AllBallots,scanner1,bid900,Aurora2K,1-Alice,2-Bob
AllBallots,scanner1,bid901,Aurora2K,1-Alice,2-Bob
AllBallots,scanner1,bid902,Aurora2K,1-Alice,2-Bob
AllBallots,scanner1,bid903,Aurora2K,1-Alice,2-Bob
AllBallots,scanner1,bid904,Aurora2K,1-Alice,2-Bob
AllBallots,scanner1,bid905,Aurora2K,1-Alice,2-Bob
AllBallots,scanner1,bid906,Aurora2K,1-Alice,2-Bob
AllBallots,scanner1,bid907,Aurora2K,1-Alice,2-Bob
AllBallots,scanner1,bid908,Aurora2K,1-Alice,2-Bob
AllBallots,scanner1,bid909,Aurora2K,1-Alice,2-Bob
AllBallots,scanner1,bid910,Aurora2K,1-Alice,2-Bob
AllBallots,scanner1,bid911,Aurora2K,1-Alice,2-Bob
AllBallots,scanner1,bid912,Aurora2K,1-Alice,2-Bob
AllBallots,scanner1,bid913,Aurora2K,1-Alice,2-Bob
AllBallots,scanner1,bid914,Aurora2K,1-Alice,2-Bob
AllBallots,scanner1,bid915,Aurora2K,1-Alice,2-Bob
AllBallots,scanner1,bid916,Aurora2K,1-Alice,2-Bob
AllBallots,scanner1,bid917,Aurora2K,1-Alice,2-Bob
AllBallots,scanner1,bid918,Aurora2K,1-Alice,2-Bob
AllBallots,scanner1,bid919,Aurora2K,1-Alice,2-Bob
AllBallots,scanner1,bid920,Aurora2K,1-Alice,2-Bob
AllBallots,scanner1,bid921,Aurora2K,1-Alice,2-Bob
AllBallots,scanner1,bid922,Aurora2K,1-Alice,2-Bob
AllBallots,scanner1,bid923,Aurora2K,1-Alice,2-Bob
AllBallots,scanner1,bid924,Aurora2K,1-Alice,2-Bob
AllBallots,scanner1,bid925,Aurora2K,1-Alice,2-Bob
AllBallots,scanner1,bid926,Aurora2K,1-Alice,2-Bob
AllBallots,scanner1,bid927,Aurora2K,1-Alice,2-Bob
AllBallots,scanner1,bid928,Aurora2K,1-Alice,2-Bob
AllBallots,scanner1,bid929,Aurora2K,1-Alice,2-Bob
AllBallots,scanner1,bid930,Aurora2K,1-Alice,2-Bob
AllBallots,scanner1,bid931,Aurora2K,1-Alice,2-Bob
AllBallots,scanner1,bid932,Aurora2K,1-Alice,2-Bob
AllBallots,scanner1,bid933,Aurora2K,1-Alice,2-Bob
AllBallots,scanner1,bid934,Aurora2K,1-Alice,2-Bob
AllBallots,scanner1,bid935,Aurora2K,1-Alice,2-Bob
AllBallots,scanner1,bid936,Aurora2K,1-Alice,2-Bob
AllBallots,scanner1,bid937,Aurora2K,1-Alice,2-Bob
AllBallots,scanner1,bid938,Aurora2K,1-Alice,2-Bob
AllBallots,scanner1,bid939,Aurora2K,1-Alice,2-Bob
AllBallots,scanner1,bid940,Aurora2K,1-Alice,2-Bob
AllBallots,scanner1,bid941,Aurora2K,1-Alice,2-Bob
AllBallots,scanner1,bid942,Aurora2K,1-Alice,2-Bob
AllBallots,scanner1,bid943,Aurora2K,1-Alice,2-Bob
AllBallots,scanner1,bid944,Aurora2K,1-Alice,2-Bob
AllBallots,scanner1,bid945,Aurora2K,1-Alice,2-Bob
AllBallots,scanner1,bid946,Aurora2K,1-Alice,2-Bob
AllBallots,scanner1,bid947,Aurora2K,1-Alice,2-Bob
AllBallots,scanner1,bid948,Aurora2K,1-Alice,2-Bob
AllBallots,scanner1,bid949,Aurora2K,1-Alice,2-Bob
AllBallots,scanner1,bid950,Aurora2K,1-Alice,2-Bob
AllBallots,scanner1,bid951,Aurora2K,1-Alice,2-Bob
AllBallots,scanner1,bid952,Aurora2K,1-Alice,2-Bob
AllBallots,scanner1,bid953,Aurora2K,1-Alice,2-Bob
AllBallots,scanner1,bid954,Aurora2K,1-Alice,2-Bob
AllBallots,scanner1,bid955,Aurora2K,1-Alice,2-Bob
AllBallots,scanner1,bid956,Aurora2K,1-Alice,2-Bob
AllBallots,scanner1,bid957,Aurora2K,1-Alice,2-Bob
AllBallots,scanner1,bid958,Aurora2K,1-Alice,2-Bob
AllBallots,scanner1,bid959,Aurora2K,1-Alice,2-Bob
AllBallots,scanner1,bid960,Aurora2K,1-Alice,2-Bob
AllBallots,scanner1,bid961,Aurora2K,1-Alice,2-Bob
AllBallots,scanner1,bid962,Aurora2K,1-Alice,2-Bob
AllBallots,scanner1,bid963,Aurora2K,1-Alice,2-Bob
AllBallots,scanner1,bid964,Aurora2K,1-Alice,2-Bob
AllBallots,scanner1,bid965,Aurora2K,1-Alice,2-Bob
AllBallots,scanner1,bid966,Aurora2K,1-Alice,2-Bob
AllBallots,scanner1,bid967,Aurora2K,1-Alice,2-Bob
AllBallots,scanner1,bid968,Aurora2K,1-Alice,2-Bob
AllBallots,scanner1,bid969,Aurora2K,1-Alice,2-Bob
AllBallots,scanner1,bid970,Aurora2K,1-Alice,2-Bob
AllBallots,scanner1,bid971,Aurora2K,1-Alice,2-Bob
AllBallots,scanner1,bid972,Aurora2K,1-Alice,2-Bob
AllBallots,scanner1,bid973,Aurora2K,1-Alice,2-Bob
AllBallots,scanner1,bid974,Aurora2K,1-Alice,2-Bob
AllBallots,scanner1,bid975,Aurora2K,1-Alice,2-Bob
AllBallots,scanner1,bid976,Aurora2K,1-Alice,2-Bob
AllBallots,scanner1,bid977,Aurora2K,1-Alice,2-Bob
AllBallots,scanner1,bid978,Aurora2K,1-Alice,2-Bob
AllBallots,scanner1,bid979,Aurora2K,1-Alice,2-Bob
AllBallots,scanner1,bid980,Aurora2K,1-Alice,2-Bob
AllBallots,scanner1,bid981,Aurora2K,1-Alice,2-Bob
AllBallots,scanner1,bid982,Aurora2K,1-Alice,2-Bob
AllBallots,scanner1,bid983,Aurora2K,1-Alice,2-Bob
AllBallots,scanner1,bid984,Aurora2K,1-Alice,2-Bob
AllBallots,scanner1,bid985,Aurora2K,1-Alice,2-Bob
AllBallots,scanner1,bid986,Aurora2K,1-Alice,2-Bob
AllBallots,scanner1,bid987,Aurora2K,1-Alice,2-Bob
AllBallots,scanner1,bid988,Aurora2K,1-Alice,2-Bob
AllBallots,scanner1,bid989,Aurora2K,1-Alice,2-Bob
AllBallots,scanner1,bid990,Aurora2K,1-Alice,2-Bob
AllBallots,scanner1,bid991,Aurora2K,1-Alice,2-Bob
AllBallots,scanner1,bid992,Aurora2K,1-Alice,2-Bob
AllBallots,scanner1,bid993,Aurora2K,1-Alice,2-Bob
AllBallots,scanner1,bid994,Aurora2K,1-Alice,2-Bob
AllBallots,scanner1,bid995,Aurora2K,1-Alice,2-Bob
AllBallots,scanner1,bid996,Aurora2K,1-Alice,2-Bob
AllBallots,scanner1,bid997,Aurora2K,1-Alice,2-Bob
AllBallots,scanner1,bid998,Aurora2K,1-Alice,2-Bob
AllBallots,scanner1,bid999,Aurora2K,1-Alice,2-Bob
AllBallots,scanner1,bid1000,Aurora2K,1-Alice,2-Bob
